дата;сегмент;компания/бренд;ниша;где продаёт;ссылка WB/Ozon;сайт;платформа сайта;SKU (оценка);отзывы/рейтинг;признак потребности (что увидели);повод для письма;балл соответствия 0–5;почему балл;ЛПР;контакт;канал контакта;касание 1;касание 2;касание 3;статус;балл квалификации;источник трафика клиента;последняя капля (дословно);платформы в сравнении;бюджет;решение;причина отказа;сумма сделки;канал лида;напомнить
2026-10-05;A1;Пледы Север;;;;;;;;;;;;;;;2026-10-06;2026-10-09;2026-10-14;нет ответа;;;;;;;;;;
2026-10-05;A1;Керамика Глина;;;;;;;;;;;;;;;2026-10-06;2026-10-09;;ответил;2;;;;;;;;;
2026-10-05;A2;Сумки Ремень;;;;;;;;;;;;;;;2026-10-06;2026-10-09;;квалифицирован;4;;;;;;;;;
2026-10-05;A2;Чай Ветка;;;;;;;;;;;;;;;2026-10-06;;;отказ: ответил;0;;;;;;площадок пока хватает;;;
2026-10-06;D;Свечи Воск;;;;;;;;;;;;;;;2026-10-07;;;написали;;;;;;;;;;
2026-10-06;D;Детская одежда Мята;;;;;;;;;;;;;;;2026-10-07;2026-10-10;;написали;;;;;;;;;;
2026-10-06;A1;Косметика Роса;;;;;;;;;;;;;;;2026-10-07;;;пауза: ответил;1;;;;;;после сезона;;;2026-11-25
2026-10-06;A2;Игрушки Дуб;;;;;;;;;;;;;;;2026-10-07;2026-10-10;2026-10-15;написали;;;;;;;;;;
2026-10-07;A1;Спорт Лось;;;;;;;;;брендовый запрос уходит на WB;;;;;;;;;новый;;;;;;;;;;
2026-10-07;E;Обувь Шаг;;;;;;;;;;;;;;;2026-10-08;;;диагностика;4;;;;;;;;;
2026-10-08;;Мебель Ясень;;;;;;;;;;;;;;;2026-10-08;2026-10-09;;написали;;;;;;;;;биржа;
2026-10-08;;Посуда Медь;;;;;;;;;;;;;;;2026-10-08;;;отказ: ответил;1;;;;;;нашли за 25 тысяч;;биржа;
2026-10-09;;Зоотовары Хвост;;;;;;;;;;;;;;;2026-10-09;;;смета;5;;;;;;;118000;партнёры;
2026-10-09;;Цветы Пион;;;;;;;;;;;;;;;2026-10-09;;;предоплата;4;;;;;;;96000;партнёры;
2026-10-10;;Белье Лён;;;;;;;;;;;;;;;2026-10-10;;;квалифицирован;3;;;;;;;;директ;
2026-10-10;;Часы Время;;;;;;;;;;;;;;;2026-10-10;;;отказ: квалифицирован;2;;;;;;дорого;;директ;
2026-10-10;;Вино Лоза;;;;;;;;;;;;;;;;;;не наш;;;;;;;;;директ;
2026-10-11;;Электроника Ток;;;;;;;;;;;;;;;2026-10-11;;;отказ: диагностика;4;;;;;;выбрали Tilda;;директ;
2026-10-12;;Кофе Зерно;;;;;;;;;;;;;;;2026-10-12;;;запуск;5;;;;;;;124000;рекомендация;
2026-10-13;;Книги Лист;;;;;;;;;;;;;;;2026-10-13;;;смета;4;;;;;;;82000;сайт;2026-10-20
2026-10-13;;Бижутерия Блеск;;;;;;;;;;;;;;;2026-10-13;2026-10-14;;написали;;;;;;;;;сайт;
2026-10-14;;Ткани Шёлк;;;;;;;;;;;;;;;2026-10-14;;;диагностика;3;;;;;;;;сайт;
2026-10-14;B;Выпечка Корж;;;;;;;;;заказы в директе Instagram, без корзины;;;;;;;;;новый;;;;;;;;;;
2026-10-15;C;Цветочная лавка Сад;;;;;;;;;есть точка, нет онлайна;;;;;;;;;новый;;;;;;;;;;
