Название;Артикул;Цена;Старая цена;Остаток;Категория;Размер;Цвет;Описание;Фото
Футболка базовая чёрный;EM-001;1990;;33;Футболки;M;чёрный;Футболка базовая, хлопок 100%, цвет чёрный.;https://example.com/img/EM-001.jpg
Футболка базовая белый;EM-002;1990;;32;Футболки;L;белый;Футболка базовая, хлопок 100%, цвет белый.;https://example.com/img/EM-002.jpg
Футболка базовая бежевый;EM-003;2490;;25;Футболки;XL;бежевый;Футболка базовая, хлопок 100%, цвет бежевый.;https://example.com/img/EM-003.jpg
Футболка базовая хаки;EM-004;3290;4290;33;Футболки;S;хаки;Футболка базовая, хлопок 100%, цвет хаки.;https://example.com/img/EM-004.jpg
Футболка базовая серый;EM-005;3290;;37;Футболки;M;серый;;https://example.com/img/EM-005.jpg
Худи оверсайз чёрный;EM-006;2490;;38;Худи;L;чёрный;Худи оверсайз, хлопок 100%, цвет чёрный.;
Худи оверсайз белый;EM-007;3290;;6;Худи;XL;белый;Худи оверсайз, хлопок 100%, цвет белый.;https://example.com/img/EM-007.jpg
Худи оверсайз бежевый;EM-008;;4290;26;Худи;S;бежевый;Худи оверсайз, хлопок 100%, цвет бежевый.;https://example.com/img/EM-008.jpg
Худи оверсайз хаки;EM-009;3290;;17;Худи;M;хаки;Худи оверсайз, хлопок 100%, цвет хаки.;https://example.com/img/EM-009.jpg
Худи оверсайз серый;EM-010;1990;;20;Худи;L;серый;;https://example.com/img/EM-010.jpg
Свитшот чёрный;EM-011;3290;;1;;XL;чёрный;Свитшот, хлопок 100%, цвет чёрный.;https://example.com/img/EM-011.jpg
Свитшот белый;EM-011;2490;3490;4;Свитшоты;S;белый;Свитшот, хлопок 100%, цвет белый.;
Свитшот бежевый;EM-013;2490;;7;Свитшоты;M;бежевый;Свитшот, хлопок 100%, цвет бежевый.;https://example.com/img/EM-013.jpg
Свитшот хаки;EM-014;4590;;24;Свитшоты;L;хаки;Свитшот, хлопок 100%, цвет хаки.;https://example.com/img/EM-014.jpg
Свитшот серый;EM-015;1990;;6;Свитшоты;XL;серый;;https://example.com/img/EM-015.jpg
Лонгслив чёрный;EM-016;4590;5590;1;Футболки;S;чёрный;Лонгслив, хлопок 100%, цвет чёрный.;https://example.com/img/EM-016.jpg
Лонгслив белый;EM-017;2 490 руб.;;37;Футболки;M;белый;Лонгслив, хлопок 100%, цвет белый.;https://example.com/img/EM-017.jpg
Лонгслив бежевый;EM-018;4590;;25;Футболки;L;бежевый;Лонгслив, хлопок 100%, цвет бежевый.;
Лонгслив хаки;EM-019;4590;;19;футболки;XL;хаки;Лонгслив, хлопок 100%, цвет хаки.;https://example.com/img/EM-019.jpg
Лонгслив серый;EM-020;2490;3490;40;Футболки;S;серый;;https://example.com/img/EM-020.jpg
Брюки карго чёрный;EM-021;4590;;14;Брюки;M;чёрный;Брюки карго, хлопок 100%, цвет чёрный.;https://example.com/img/EM-021.jpg
Брюки карго белый;EM-022;1990;;13;брюки;L;белый;Брюки карго, хлопок 100%, цвет белый.;https://example.com/img/EM-022.jpg
Брюки карго бежевый;EM-023;4590;;12;Брюки;XL;бежевый;Брюки карго, хлопок 100%, цвет бежевый.;https://example.com/img/EM-023.jpg
Брюки карго хаки;EM-024;2490;3490;8;Брюки;S;хаки;Брюки карго, хлопок 100%, цвет хаки.;
Брюки карго серый;EM-025;4590;;6;Брюки;M;серый;;https://example.com/img/EM-025.jpg
Шорты льняные чёрный;EM-026;4590;;0;Шорты;L;чёрный;Шорты льняные, хлопок 100%, цвет чёрный.;https://example.com/img/EM-026.jpg
Шорты льняные белый;EM-027;4590;;30;Шорты;XL;белый;Шорты льняные, хлопок 100%, цвет белый.;https://example.com/img/EM-027.jpg
Шорты льняные бежевый;EM-028;1990;2990;33;Шорты;S;бежевый;Шорты льняные, хлопок 100%, цвет бежевый.;https://example.com/img/EM-028.jpg
Шорты льняные хаки;EM-029;4590;;32;Шорты;M;хаки;Шорты льняные, хлопок 100%, цвет хаки.;https://example.com/img/EM-029.jpg
Шорты льняные серый;EM-030;4590;;23;Шорты;L;серый;;
