проект;заказ;задач;план_ч;факт_ч;польза_ч;факт/план;ставки_команды
P27EA;з2;15;67.0;75.3;75.2;1.12;2000
P27EA;з3;8;12.7;1.7;0.0;0.14;1750,2000,2100
P2CDE;з5;3;0.0;2.8;2.8;;2400
P2CDE;з6;1;3.0;3.0;2.9;0.99;2400
P3273;з1;3;11.0;0.0;12.5;0.0;2400,2500
P3273;з2;5;98.0;0.0;91.8;0.0;1700,2000,3000,6000,7000
P3EE1;з6;1;0.7;0.0;0.7;0.0;3500
P4052;з1;2;4.5;4.9;4.5;1.09;2400
P5EC7;з1;18;23.9;21.7;23.3;0.91;2400
P5EC7;з2;22;6.8;19.2;14.1;2.83;2400
P5EC7;з3;4;1.0;0.0;0.0;0.0;2400
P7C43;з1;14;21.3;23.2;25.0;1.09;2400
P7C43;з2;1;0.2;0.0;0.0;0.0;3500
P7F77;з5;5;3.0;2.2;3.0;0.75;2400
P7F77;з6;2;0.7;0.1;0.7;0.19;3500
P80C7;з1;5;3.5;4.7;6.0;1.34;2400
P80C7;з2;7;8.2;10.8;11.2;1.33;2400
P80C7;з3;7;3.5;7.4;4.1;2.12;2400
P80C7;з4;10;17.0;26.5;24.3;1.56;2400
P80C7;з5;11;3.3;3.7;3.3;1.13;2400,3500
PA837;з6;1;0.0;0.0;0.0;;
PA91D;з1;25;40.0;56.1;44.9;1.4;2400,2800
PA91D;з2;21;17.7;24.5;17.4;1.38;2400,2800
PA91D;з3;5;2.8;3.8;3.8;1.39;1400,2800
PA959;з6;1;0.0;0.0;6.7;;2400
PAA4F;з10;4;0.5;0.7;0.7;1.44;1200
PAA4F;з11;3;10.0;8.7;8.3;0.87;1600
PAA4F;з12;3;10.0;8.9;8.9;0.89;1600,2400
PAA4F;з5;10;0.0;8.1;8.0;;2400
PAA4F;з6;5;5.0;8.6;8.5;1.72;2400
PAA4F;з7;4;1.0;4.1;4.1;4.14;2400
PAA4F;з8;5;8.8;2.1;6.8;0.24;1200,2400
PAA4F;з9;7;7.2;2.9;5.0;0.4;1200,2400
PC11A;з1;13;55.0;43.4;42.5;0.79;2400
PC11A;з10;4;0.0;4.9;4.8;;2050,2400
PC11A;з11;6;4.7;8.3;7.0;1.77;1,2050,3500
PC11A;з2;20;40.7;55.6;47.0;1.37;2400
PC11A;з3;16;13.8;24.4;16.3;1.77;2400
PC11A;з4;15;12.0;24.0;13.7;2.0;2400
PC11A;з5;3;10.0;11.4;11.0;1.14;2400
PC11A;з6;10;4.0;8.1;5.1;2.01;3500
PC11A;з7;8;8.7;12.9;9.8;1.49;2400,3500
PC11A;з8;6;2.8;2.7;3.0;0.99;3500
PC11A;з9;4;3.1;2.3;2.4;0.76;3500
PC2C7;з1;8;8.0;5.7;5.7;0.71;2400
PD02D;з1;2;0.2;0.0;0.0;0.0;3500
PD6D6;з1;1;1.0;2.0;1.0;2.0;2400
PD6D6;з2;2;5.0;1.0;6.0;0.2;2400
PD6D6;з3;3;3.7;5.7;3.7;1.56;2400
PD6D6;з4;9;11.1;15.5;13.6;1.39;3500
PD6D6;з5;4;0.9;4.0;4.2;4.41;1750,3500
PD6D6;з6;3;1.4;1.5;1.5;1.08;3500
PDAEA;з1;3;0.0;0.0;37.9;;2400
PDAEA;з2;3;15.0;20.7;10.0;1.38;2400
PDAEA;з3;7;5.8;6.1;5.8;1.06;2400,3500
PDAEA;з4;3;20.2;18.3;20.3;0.9;3500
PDE75;з10;7;17.0;15.8;15.8;0.93;1700,2800
PDE75;з11;6;9.5;10.9;10.8;1.15;1700
PDE75;з12;6;10.5;9.1;9.2;0.87;1700,2800
PDE75;з2;8;7.4;10.0;0.0;1.35;2400,2800
PDE75;з3;7;7.5;10.2;12.5;1.36;2400
PDE75;з4;23;11.5;44.4;11.2;3.86;2400
PDE75;з5;20;11.3;20.3;15.2;1.8;2400
PDE75;з6;15;28.2;46.1;34.5;1.64;2400,2800
PDE75;з7;8;7.5;17.4;9.2;2.32;2400,2800
PDE75;з8;21;23.3;25.8;17.1;1.11;2800
PDE75;з9;10;8.0;15.4;15.4;1.92;1000,1400,1700,2800
PDF6D;з1;6;17.0;36.7;0.0;2.16;2400,2800
PDF6D;з10;2;38.0;55.2;36.0;1.45;2400,2800
PDF6D;з11;13;12.7;32.0;19.4;2.52;2400
PDF6D;з12;8;8.5;16.1;12.3;1.89;2400,2800
PDF6D;з13;14;15.2;30.9;28.3;2.04;1400,2100,2800
PDF6D;з14;9;9.1;14.5;14.6;1.59;1400,2800
PDF6D;з15;3;0.0;0.3;0.0;;1,3500
PDF6D;з8;3;8.5;0.5;10.5;0.06;2400
PDF6D;з9;8;9.2;39.3;19.4;4.29;2400
PECA9;з1;7;19.5;16.5;16.4;0.85;2400
PECA9;з2;7;25.0;38.1;44.0;1.52;2400
PECA9;з3;6;31.0;24.3;32.5;0.78;2400
PECA9;з4;16;44.0;73.9;106.0;1.68;2400
PECA9;з5;3;6.0;6.0;6.5;1.01;2400
PECA9;з6;3;4.5;4.9;4.5;1.09;2400
PECA9;з7;7;77.0;31.2;33.2;0.4;2400
PF962;з15;1;0.0;0.0;0.0;;2400
PFB97;з1;10;4.3;4.1;3.9;0.95;2400
