"Код","Модуль","Этап","Задача","Подзадача","Описание","Когда нужна","Входные данные","Результат","Часы мин","Часы норматив","Часы макс","Единица","Сложность","Роль","Зависит от","Риски","Варианты","Цена за единицу, ₽"
"Z01","Этап 0. Диагностика и план запуска","Диагностика","Интервью","Бриф-созвон 60 мин","Разговор по анкете: каналы продаж, ассортимент, учёт, кто будет вести магазин, бюджет первого года.","Всегда, если проект не «Старт» по готовому ТЗ","Заполненная анкета","Запись и заметки брифа","1","1.5","2","проект","1","PM","","Клиент не знает своих цифр — фиксируем «неизвестно»","Созвон / переписка по анкете","5000"
"Z02","Этап 0. Диагностика и план запуска","Диагностика","Экономика канала","Разбор отчётов МП и юнит-экономики сайта","Сколько остаётся с заказа на площадке и сколько останется на сайте с учётом эквайринга, доставки, рекламы.","Сегмент A (селлер), или клиент сомневается «нужен ли сайт»","Отчёт WB/Ozon по SKU за 1–3 мес., себестоимость","Таблица «площадка vs сайт» по 5–10 SKU","1","2","4","проект","2","AN","Z01","Нет доступа к отчётам","Полный разбор / упрощённый по 3 SKU","7000"
"Z03","Этап 0. Диагностика и план запуска","Диагностика","Структура","Прототип каталога и главной","Дерево категорий, фильтры, блоки главной. Подбор 2–3 тем InSales под ассортимент.","Всегда в Этапе 0","Выгрузка ассортимента или ссылка на МП","Схема каталога + 2–3 демо-темы","1","2","3","проект","2","IN","Z01","Ассортимент меняется","","5000"
"Z04","Этап 0. Диагностика и план запуска","Диагностика","Интеграции","Проверка интеграций и тарифа","Какой тариф InSales нужен, есть ли готовое приложение под учёт/МП клиента, сколько оно стоит в месяц.","Есть учёт или маркетплейсы","Конфигурация 1С/МойСклад, список площадок","Список приложений и подписок с ценами","0.5","1","2","проект","2","IN","Z01","Нестандартная 1С — уходит в отдельную оценку","","2500"
"Z05","Этап 0. Диагностика и план запуска","Диагностика","Смета","Смета первого года и план первых 100 заказов","Работа + подписки + эквайринг + доставка + реклама на 12 мес. Откуда придут первые 100 заказов.","Всегда в Этапе 0","Результаты Z01–Z04","Смета владения на 12 мес., план первых заказов","1","2","3","проект","2","PM","Z02,Z03,Z04","Клиент ждёт гарантию продаж — не даём","","6500"
"Z06","Этап 0. Диагностика и план запуска","Диагностика","Защита","Документ «План запуска» и созвон","Сборка документа, созвон 45 мин, фиксация объёма и пакета.","Всегда в Этапе 0","Z01–Z05","План запуска, согласованный объём, КП","1","1.5","2","проект","1","PM","Z05","Решение откладывают — ставим дату следующего шага","","5000"
"B01","База: запуск магазина","Создание магазина","Аккаунт","Аккаунт и общие настройки","Магазин на аккаунте клиента, тариф, реквизиты, валюта, часовой пояс, email уведомлений.","Всегда","Реквизиты ИП/ООО, email","Магазин на аккаунте клиента","0.25","0.5","1","проект","1","IN","","Аккаунт зарегистрирован на подрядчика — запрещено, только на клиента","","1500"
"B02","База: запуск магазина","Создание магазина","Аккаунт","Доступы и роли сотрудников","Приглашение сотрудников клиента, права, доступ агентства на время проекта.","Всегда","Список сотрудников","Доступы по ролям","0.25","0.25","0.5","проект","1","IN","B01","","","1000"
"B03","База: запуск магазина","Создание магазина","Шаблон","Выбор темы","Подбор темы под каталог (если не было Этапа 0), показ 2–3 демо, решение клиента.","Если не было Этапа 0","Ассортимент, референсы","Выбранная тема","0.25","0.5","1.5","проект","1","IN","B01","Клиент выбирает тему «по картинке», а не по каталогу","Бесплатная / платная тема","1500"
"B04","База: запуск магазина","Создание магазина","Шаблон","Установка темы и стиль","Тема, логотип, фавикон, цвета и шрифты в рамках настроек темы.","Всегда","Логотип (SVG/PNG), цвета бренда","Тема в цветах бренда","0.5","1","2","проект","1","IN","B03","Нет логотипа в векторе","","2500"
"B05","База: запуск магазина","Создание магазина","Шаблон","Шапка, меню, подвал","Меню, контакты, мессенджеры, соцсети, ссылки на документы.","Всегда","Контакты","Шапка и подвал","0.25","0.5","1","проект","1","IN","B04","","","1500"
"B06","База: запуск магазина","Создание магазина","Шаблон","Главная страница из блоков темы (до 8 блоков)","Сборка главной из стандартных блоков: баннер, категории, хиты, преимущества, отзывы, о бренде.","Всегда","Тексты и картинки клиента или наши заготовки","Главная","1","1.5","3","проект","1","IN","B04","Нет баннеров — нужен D02","","4000"
"B07","База: запуск магазина","Создание магазина","Шаблон","Листинг и карточка товара: настройки","Вид каталога, сортировки, бейджи, блоки «похожие», вывод характеристик.","Всегда","—","Каталог и карточка настроены","0.25","0.5","1","проект","1","IN","B04","","","1500"
"B08","База: запуск магазина","Страницы","Сервисные страницы","О нас, Контакты, Доставка и оплата, Возврат, FAQ","5 страниц по нашему шаблону текста, клиент подтверждает условия.","Всегда","Условия доставки, возврата, адреса","5 страниц","0.5","0.75","1.5","проект","1","KM","B05","Условия доставки не определены клиентом","","1500"
"B09","База: запуск магазина","Страницы","Юридические страницы","Оферта, политика ПДн, согласия, cookie","Документы по шаблону с реквизитами клиента, отдельное согласие на ПДн (с 01.09.2025), чекбоксы без предустановки, cookie-уведомление, согласие на рассылку.","Всегда","Реквизиты, список сервисов, куда уходят данные","Комплект документов и форм","0.5","0.75","1.5","проект","1","IN","B05","Мы не юристы: шаблон, ответственность и уведомление РКН — на клиенте","Шаблон / проверка юристом клиента","2000"
"B10","База: запуск магазина","Создание магазина","Домен","Домен, DNS, SSL, главное зеркало","Подключение домена клиента, SSL, переадресация www и http.","Всегда","Доступ к регистратору","Магазин на домене с HTTPS","0.25","0.5","1.5","проект","1","IN","B01","Домен на бывшем подрядчике — восстановление доступа","Новый домен / перенос","1500"
"B11","База: запуск магазина","Создание магазина","Почта","Письма покупателю и отправитель","Шаблоны писем заказа в стиле бренда, адрес отправителя, проверка доставки в Gmail/Яндекс.","Всегда","Email на домене","Письма не падают в спам","0.25","0.5","1.5","проект","2","IN","B10","Нет почты на домене","","1500"
"B12","База: запуск магазина","Заказ","Оплата","Один способ онлайн-оплаты и чеки 54-ФЗ","Подключение платёжного модуля по договору клиента, онлайн-касса или касса провайдера, тестовый платёж.","Всегда","Договор эквайринга, касса","Оплата и чек проходят","1","1.5","4","проект","2","IN","B01","Эквайер проверяет сайт 3–10 дней — подавать заявку в первую неделю","ЮKassa / Т-Банк / CloudPayments / встроенные платежи InSales","4000"
"B13","База: запуск магазина","Заказ","Доставка","Самовывоз + одна служба с расчётом","Самовывоз/курьер по зонам и одна служба (СДЭК/Почта/Boxberry/агрегатор) с расчётом и ПВЗ.","Всегда","Договор со службой, габариты и вес товаров","Доставка считается в корзине","1","1.5","4","проект","2","IN","B01","Нет веса и габаритов у товаров — расчёт врёт","","4000"
"B14","База: запуск магазина","Заказ","Заказы","Статусы заказа и уведомления","Статусы под процесс клиента, уведомления покупателю и менеджеру (email, Telegram).","Всегда","Как клиент обрабатывает заказ","Статусы и уведомления","0.25","0.25","0.5","проект","1","IN","B12,B13","","","1000"
"B15","База: запуск магазина","Аналитика","Метрика","Метрика, цели, Вебмастер","Счётчик, вебвизор, цели: корзина, оформление, заказ; Яндекс Вебмастер, sitemap.","Всегда","Доступ к Яндекс-аккаунту клиента","Счётчик и цели работают","0.5","1","1.5","проект","1","AN","B10","Счётчик на аккаунте подрядчика — запрещено","","3500"
"B16","База: запуск магазина","SEO","Базовое SEO","Шаблоны title/description, robots, ЧПУ","Шаблоны мета для категорий и товаров, robots.txt, ЧПУ, проверка дублей и микроразметки.","Всегда","—","Магазин готов к индексации","0.5","0.75","1.5","проект","1","SEO","B07","","","3000"
"B17","База: запуск магазина","Проверка","Скорость","Мобильная версия и скорость","Проверка на 375 px, вес картинок, Lighthouse главной, каталога, карточки.","Всегда","—","Отчёт и исправления","0.25","0.5","1","проект","1","IN","B06","Тяжёлые фото клиента","","1500"
"B18","База: запуск магазина","Проверка","Тестирование","Чек-лист 40 пунктов и 3 тестовых заказа","Заказ с телефона и компьютера, оплата, доставка, письма, статусы, формы, документы.","Всегда","Всё настроено","Протокол тестирования без критичных ошибок","1.5","2","4","проект","1","IN","B12,B13,B14","Тест оплаты на боевом эквайринге — оформить возврат","","5000"
"B19","База: запуск магазина","Передача","Обучение","Обучение 60 мин + запись + инструкция","Товары, заказы, статусы, промокоды, баннеры. Инструкция на 2 страницы.","Всегда","Ответственный со стороны клиента","Ответственный сам оформляет и обрабатывает заказ","1","1.5","2","проект","1","PM","B18","Ответственного нет — главный риск после запуска","","5000"
"B20","База: запуск магазина","Передача","Документы","Паспорт магазина и акт","Доступы, подписки и их стоимость, список настроек, акт сдачи.","Всегда","—","Паспорт магазина, акт","0.25","0.5","1","проект","1","PM","B19","","","2000"
"B21","База: запуск магазина","Запуск","Запуск","Открытие магазина и первые сутки","Снять закрытие, проверить индексацию и первый реальный заказ, мониторинг 24 ч.","Всегда","Акт подписан или согласован запуск","Магазин открыт","0.25","0.5","1","проект","1","IN","B18","","","1500"
"B22","База: запуск магазина","Запуск","Гарантия","Гарантия 14 дней","Исправление ошибок наших настроек в течение 14 дней после запуска.","Всегда","—","Ошибки закрыты","0.5","1","3","проект","1","IN","B21","Клиент просит новое под видом гарантии — объём фиксирован","","2500"
"K01","Каталог и товары","Каталог","Структура","Дерево категорий (до 20)","Структура каталога по тому, как ищет покупатель; согласование с клиентом.","Всегда","Ассортимент","Категории созданы","1","1.5","3","проект","1","IN","B01","Структура «как на складе», а не как ищет покупатель","","4000"
"K02","Каталог и товары","Каталог","Структура","Категории сверх 20","Каждые 10 категорий сверх 20, включая 3-й уровень.","> 20 категорий","Ассортимент","Категории","0.5","1","1.5","10 категорий","1","IN","K01","","","2500"
"K03","Каталог и товары","Каталог","Свойства","Характеристики и фильтры","Список свойств, фильтры в каталоге, единые значения (цвет, размер, материал).","Всегда","Ассортимент","Фильтры работают","0.5","1.5","3","проект","2","IN","K01","Грязные значения свойств в исходнике","","4000"
"K04","Каталог и товары","Каталог","Товары","Ручное заведение товаров","Название, цена, описание клиента, до 5 фото, категория, характеристики. Без вариантов.","Нет файла с товарами, < 100 товаров","Тексты и фото клиента","Товары на сайте","1","1.5","2.5","10 товаров","1","KM","K01,K03","Материалы приходят частями","","2500"
"K05","Каталог и товары","Каталог","Товары","Варианты (размер, цвет) вручную","Доплата к K04 за товары с вариантами.","Товары с вариантами, ручное заведение","Таблица вариантов","Варианты с остатками","0.5","1","2","10 товаров","1","KM","K04","","","1500"
"K06","Каталог и товары","Каталог","Импорт","Импорт из таблицы: подготовка и загрузка","Шаблон файла, сопоставление полей, пробная загрузка 10 товаров, полная загрузка.","Есть Excel/CSV/YML","Файл товаров, ссылки на фото","Товары загружены","1","2","4","проект","2","IN","K01,K03","Фото по ссылкам с МП недоступны","","5000"
"K07","Каталог и товары","Каталог","Импорт","Импорт с Wildberries/Ozon","Перенос карточек с площадки: фото, описания, характеристики, привязка к категориям.","Сегмент A, товары есть на МП","API-ключ кабинета","Карточки на сайте","1.5","3","6","проект","2","IN","K01","Тексты МП заточены под площадку, на сайте нужна правка","Приложение InSales / через МойСклад / файл","7500"
"K08","Каталог и товары","Каталог","Импорт","Проверка и чистка после импорта","Дубли, пустые поля, категории, варианты, цены — на каждые 100 товаров.","Любой импорт","Загруженные товары","Чистый каталог","0.5","1","2","100 товаров","1","KM","K06|K07","","","1500"
"K09","Каталог и товары","Контент","Фото","Обработка фото","Обрезка, единый фон и пропорции, сжатие — на 10 товаров.","Фото разного формата","Исходные фото","Единые фото","0.5","1","2","10 товаров","1","KM","","Плохое качество исходников — нужна съёмка (не наша работа)","Вручную / пакетно нейросетью","1500"
"K10","Каталог и товары","Контент","Тексты","Описания товаров","Черновик нейросетью по характеристикам + редактура, на 10 товаров.","Описаний нет или они с МП","Характеристики","Описания","0.75","1.25","2","10 товаров","1","KM","","Факты о товаре должен подтвердить клиент","","2000"
"K11","Каталог и товары","Каталог","Склады","Несколько складов / точек","Остатки по складам, самовывоз из точек.","2+ склада или магазина","Список складов","Остатки по складам","1","1.5","3","проект","2","IN","K06|K04","","","4000"
"K12","Каталог и товары","Каталог","Цены","Оптовые цены и B2B-доступ","Типы цен, группы клиентов, вход для оптовиков, минимальный заказ.","Есть опт","Прайс опта, условия","Оптовик видит свои цены","2","3","5","проект","2","IN","K06|K04","Сложные скидочные матрицы — уходят в доработку","","7500"
"K13","Каталог и товары","Каталог","Продажи","Скидки, промокоды, бонусы на старте","Промокод на первый заказ, бонусы InSales, подарки.","По желанию","Механика","Механика работает","0.5","1","2","проект","1","IN","B18","","","2500"
"K14","Каталог и товары","Каталог","Продажи","Подборки и «с этим покупают»","Коллекции на главной, сопутствующие товары.","Каталог > 50 товаров","Логика подборок","Подборки","0.5","1","2","проект","1","KM","K04|K06|K07","","","1500"
"D01","Дизайн и доработка шаблона","Дизайн","Фирстиль","Адаптация под фирменный стиль","Иконки, кнопки, плашки, графика в стиле бренда в рамках темы.","Есть брендбук","Брендбук","Тема в стиле бренда","1","2","3","проект","1","DZ","B04","","","7000"
"D02","Дизайн и доработка шаблона","Дизайн","Графика","Баннер (компьютер + телефон)","Баннер главной или акции в двух размерах.","Нет готовых баннеров","Фото, текст","Баннер","0.5","1","1.5","шт","1","DZ","","","","3500"
"D03","Дизайн и доработка шаблона","Дизайн","Доп. страница","Страница на конструкторе блоков","Лендинг акции, «Оптовикам», «Производство» — из блоков темы.","Нужна страница сверх базовых","Текст, фото","Страница","1.5","2.5","4","шт","1","IN","B04","","","6500"
"D04","Дизайн и доработка шаблона","Доработка шаблона","Мелкая правка","CSS/Liquid-правка","Вывести поле, поменять порядок, отступы, скрыть элемент — одна правка.","Тема почти подходит","Описание правки","Правка в теме","0.5","1","2","шт","2","FR","B04","Правка может слететь при обновлении темы — фиксируем в паспорте","","4000"
"D05","Дизайн и доработка шаблона","Доработка шаблона","Кастомный блок","Макет нестандартного блока","Макет блока, которого нет в теме (калькулятор, сравнение, конструктор набора).","Блок, которого нет в теме","Описание","Макет","2","3","5","шт","2","DZ","","","","10500"
"D06","Дизайн и доработка шаблона","Доработка шаблона","Кастомный блок","Вёрстка нестандартного блока","Liquid + CSS + JS, адаптив, тест.","После D05","Макет","Блок на сайте","3","5","8","шт","3","FR","D05","Выход за «шаблонный» продукт — проверить, не нужен ли пакет «Индивидуальный»","","20000"
"D07","Дизайн и доработка шаблона","Доработка шаблона","Карточка","Таблица размеров / подбор","Таблица размеров во всплывающем окне или вкладке.","Одежда, обувь, товары для животных","Таблица","Таблица на карточке","1","2","3","проект","2","FR","B07","","","8000"
"MS1","Интеграция с МойСклад","Интеграции","МойСклад","Обследование учёта","Как ведутся товары, модификации, склады, типы цен, кто вносит изменения.","Учёт в МойСклад","Доступ к МойСклад","Схема обмена","0.5","1","2","проект","2","IN","","Товары в МС заведены без артикулов","","2500"
"MS2","Интеграция с МойСклад","Интеграции","МойСклад","Установка и авторизация","Приложение интеграции, права, расписание.","Учёт в МойСклад","Подписка МС с опцией онлайн-торговли","Связь установлена","0.5","1","1.5","проект","1","IN","MS1","Нужна платная опция МС — сказать заранее","","2500"
"MS3","Интеграция с МойСклад","Интеграции","МойСклад","Сопоставление и первая выгрузка товаров","Ключ сопоставления (артикул/код), модификации, категории.","Учёт в МойСклад","Чистый справочник МС","Товары связаны","1","2","4","проект","2","IN","MS2,K01","Дубли в МС","","5000"
"MS4","Интеграция с МойСклад","Интеграции","МойСклад","Остатки и склады","Какие склады участвуют, резерв, частота.","Учёт в МойСклад","","Остатки сходятся","0.5","1","2","проект","1","IN","MS3","","","2500"
"MS5","Интеграция с МойСклад","Интеграции","МойСклад","Цены","Тип цены для сайта, скидочные цены.","Учёт в МойСклад","","Цены сходятся","0.25","0.5","1","проект","1","IN","MS3","","","1500"
"MS6","Интеграция с МойСклад","Интеграции","МойСклад","Заказы и статусы","Заказы сайта в МС, статусы обратно на сайт.","Заказы ведут в МС","","Заказ попадает в МС","1","1.5","3","проект","2","IN","MS3","","","4000"
"MS7","Интеграция с МойСклад","Интеграции","МойСклад","Тест сценариев","Продажа, отмена, возврат, изменение цены и остатка.","Учёт в МойСклад","","Протокол теста","1","1.5","3","проект","1","IN","MS4,MS5,MS6","","","4000"
"MS8","Интеграция с МойСклад","Интеграции","МойСклад","Инструкция ответственному","Что делать, если товар не появился или остаток не сошёлся.","Учёт в МойСклад","","Инструкция","0.25","0.5","1","проект","1","IN","MS7","","","1500"
"C101","Интеграция с 1С","Интеграции","1С","Конфигурация и версия 1С","УТ / УНФ / Розница / КА, версия, кто обслуживает 1С.","Учёт в 1С","Контакт программиста 1С","Паспорт 1С","0.5","1","2","проект","2","PM","","Самописная или сильно изменённая 1С — отдельная оценка","","3500"
"C102","Интеграция с 1С","Интеграции","1С","Способ и регламент обмена","CommerceML через приложение InSales или модуль, частота, что откуда главное.","Учёт в 1С","C101","Регламент обмена","1","1.5","3","проект","2","IN","C101","","Приложение InSales / модуль обмена / через МойСклад","4000"
"C103","Интеграция с 1С","Интеграции","1С","Узел обмена в 1С (координация)","Настройку в 1С делает программист клиента, мы даём параметры и проверяем.","Учёт в 1С","Программист 1С клиента","Обмен запускается","1","2","4","проект","2","IN","C102","Нет программиста 1С — главный риск сроков","","5000"
"C104","Интеграция с 1С","Интеграции","1С","Товары и группы","Выгрузка номенклатуры, сопоставление групп 1С и категорий сайта.","Учёт в 1С","","Товары на сайте из 1С","1","2","4","проект","2","IN","C103,K01","Группы 1С ≠ категории сайта","","5000"
"C105","Интеграция с 1С","Интеграции","1С","Характеристики и модификации","Характеристики номенклатуры → варианты на сайте.","Есть варианты","","Варианты сходятся","1","2","4","проект","3","IN","C104","","","5000"
"C106","Интеграция с 1С","Интеграции","1С","Остатки","Склады, частота, резерв.","Учёт в 1С","","Остатки сходятся","0.5","1","2","проект","2","IN","C104","","","2500"
"C107","Интеграция с 1С","Интеграции","1С","Цены","Типы цен, акционные цены.","Учёт в 1С","","Цены сходятся","0.5","1","2","проект","2","IN","C104","","","2500"
"C108","Интеграция с 1С","Интеграции","1С","Заказы и статусы","Заказы в 1С, статусы обратно.","Заказы ведут в 1С","","Заказ в 1С","1","2","4","проект","3","IN","C104","","","5000"
"C109","Интеграция с 1С","Интеграции","1С","Контрагенты","Покупатели сайта → контрагенты 1С.","Нужно в 1С","","Контрагенты создаются","0.5","1","2","проект","2","IN","C108","Дубли контрагентов","","2500"
"C110","Интеграция с 1С","Интеграции","1С","Тест полного цикла","Товар → заказ → оплата → отгрузка → статус.","Учёт в 1С","","Протокол теста","2","3","6","проект","2","IN","C106,C107,C108","","","7500"
"C111","Интеграция с 1С","Интеграции","1С","Исправление ошибок обмена","Повторные прогоны, разбор логов.","Учёт в 1С","","Обмен стабилен 3 дня","1","3","8","проект","3","IN","C110","Самая непредсказуемая часть — max закладываем в резерв","","7500"
"C112","Интеграция с 1С","Интеграции","1С","Регламент и инструкция","","Учёт в 1С","","Инструкция","0.5","1","1.5","проект","1","IN","C111","","","2500"
"MP1","Маркетплейсы (на одну площадку)","Интеграции","Маркетплейс","Подключение кабинета","API-ключ, режим (только остатки / остатки+цены / заказы).","Синхронизация с площадкой","Доступ к кабинету","Связь установлена","0.5","1","1.5","площадка","2","IN","K06|K07|MS3|C104","Тариф InSales без нужной функции — проверено в Z04","Приложение InSales / через МойСклад","2500"
"MP2","Маркетплейсы (на одну площадку)","Интеграции","Маркетплейс","Сопоставление товаров","Артикулы, баркоды — на каждые 100 товаров.","Синхронизация с площадкой","","Товары связаны","0.5","1","2","100 товаров","2","IN","MP1","Разные артикулы на сайте и МП","","2500"
"MP3","Маркетплейсы (на одну площадку)","Интеграции","Маркетплейс","Остатки, цены, тест","Общий остаток, страховой буфер, правило цены, тест продажи с двух сторон.","Синхронизация с площадкой","","Остаток уменьшается с обеих сторон","1","2","3","площадка","2","IN","MP2","Двойная продажа последней единицы — штрафы площадки, ставим буфер","","5000"
"CR1","CRM и телефония","Интеграции","CRM","Подключение CRM","amoCRM / Битрикс24 / RetailCRM: установка интеграции, воронка, поля, статусы.","Заказы ведут в CRM","Доступ к CRM","Заказы и заявки в CRM","2","3","5","проект","2","IN","B14","","amoCRM / Битрикс24 / RetailCRM","7500"
"CR2","CRM и телефония","Интеграции","CRM","Тест и инструкция CRM","","Есть CRM","","Протокол","0.5","1","2","проект","1","IN","CR1","","","2500"
"CR3","CRM и телефония","Интеграции","Телефония","Телефония или коллтрекинг","Виртуальная АТС через CRM, номер на сайте, запись звонков.","Продают по телефону","Договор с АТС","Звонки в CRM","1","2","4","проект","2","IN","CR1","","","5000"
"MK1","Маркетинговые интеграции","Маркетинг","Email","Сервис рассылок и форма подписки","Подключение сервиса, форма с согласием, импорт базы с согласиями.","Есть база или план рассылок","Аккаунт сервиса","Подписка работает","1","2","3","проект","1","IN","B09","База без согласий — не импортируем","","5000"
"MK2","Маркетинговые интеграции","Маркетинг","Email","Брошенная корзина и повторная покупка","Два триггерных письма в стиле бренда.","Повторная категория","MK1","Письма уходят","1.5","2.5","4","проект","2","IN","MK1","","","6500"
"MK3","Маркетинговые интеграции","Маркетинг","Реклама","Товарный фид и пиксели","YML-фид для Яндекса, VK Реклама, проверка в кабинетах.","Планируют рекламу","Кабинеты рекламы","Фид принят","0.5","1","2","проект","1","AN","K08","","","3500"
"MK4","Маркетинговые интеграции","Маркетинг","Карты","Яндекс Бизнес и 2ГИС","Ссылки на сайт, витрина товаров в Яндекс Бизнесе.","Есть офлайн-точка","Доступ к карточкам","Карточки ведут на сайт","0.5","1","1.5","проект","1","SEO","B10","","","3500"
"MK5","Маркетинговые интеграции","Маркетинг","Чат","Чат и кнопки мессенджеров","Telegram, VK, MAX, онлайн-чат.","По желанию","","Кнопки работают","0.25","0.5","1","проект","1","IN","B05","","","1500"
"AN1","Аналитика","Аналитика","Электронная коммерция","E-commerce в Метрике","Просмотры, корзина, покупки с выручкой; проверка на тестовом заказе.","Будет реклама или нужна выручка по источникам","B15","Отчёт «Электронная коммерция» с данными","1","1.5","3","проект","2","AN","B15","","","5500"
"AN2","Аналитика","Аналитика","Отчёт","Отчёт первых 30 дней","Трафик по источникам, конверсия, заказы, что улучшить.","По желанию, рекомендуем всем","30 дней данных","Отчёт и список улучшений","1","2","3","проект","1","AN","B21","","","7000"
"S1","SEO","SEO","Семантика","Семантическое ядро и структура","До 300 запросов, кластеры → категории и фильтры, мета для категорий.","SEO — один из каналов первых заказов","Ассортимент, регион","Ядро и структура под спрос","6","10","16","проект","2","SEO","K01","","","34500"
"S2","SEO","SEO","Тексты","Тексты категорий","Текст на категорию 800–1500 знаков, на каждую категорию.","После S1","S1","Тексты","0.5","0.75","1","шт","1","SEO","S1","","","3000"
"S3","SEO","SEO","Локальное SEO","Гео-страницы и карточки организаций","Страницы под район/город, связка с картами.","Офлайн-точка или локальная доставка","","Гео-страницы","1","2","4","проект","2","SEO","S1","","","7000"
"R1","Переезд со старого сайта","Переезд","Аудит","Аудит старого сайта","Список URL, страницы с трафиком, формы, позиции.","Есть старый сайт с трафиком","Доступы к Метрике/Вебмастеру","Таблица URL","1","2","4","проект","2","SEO","","Нет доступа к старой аналитике","","7000"
"R2","Переезд со старого сайта","Переезд","Данные","Конвертация выгрузки товаров","Выгрузка из старой CMS → формат InSales.","Товары на старом сайте","Выгрузка/доступ","Файл импорта","1","2","4","проект","2","IN","R1","Tilda отдаёт CSV без вариантов","","5000"
"R3","Переезд со старого сайта","Переезд","Данные","Клиенты и заказы","Перенос базы клиентов (с согласиями) и истории заказов.","Есть база","Выгрузка","База на InSales","1","2","4","проект","2","IN","R2","","","5000"
"R4","Переезд со старого сайта","Переезд","SEO","301-редиректы","Карта редиректов старых URL на новые — на 100 URL.","Старый сайт в индексе","R1","Редиректы работают","0.5","1","2","100 URL","2","SEO","R1","Потеря позиций без редиректов","","3500"
"R5","Переезд со старого сайта","Переезд","Контент","Перенос статей и страниц","На 10 страниц.","Есть блог/страницы","","Страницы перенесены","1","1.5","2.5","10 страниц","1","KM","R1","","","2500"
"R6","Переезд со старого сайта","Переезд","Контроль","Переключение и контроль индексации 2 недели","","Переезд","","Индексация без провала","1","1.5","3","проект","2","SEO","R4","","","5500"
"P1","Поддержка после запуска","Поддержка","Пакет часов","Поддержка и развитие, час","Правки, новые баннеры, страницы, консультации. Пакет 5/10/20 ч в месяц.","После запуска","Задачи клиента","Задачи закрыты","1","1","1","час","1","IN","B21","","","2500"