"id","блок","работа","роль","ставка","часы_база","драйвер","шаг","часы_за_шаг","процент","сложность","зависимости","когда","вход","результат","риск","варианты","пакеты"
"D01","Этап 0 · Диагностика и план","Квалификационный созвон","NC","2400","0","","","","","1","","всегда, до сметы; бесплатно","заявка, ответы на 7 вопросов квалификации","решение: этап 0 / пакет / отказ","клиент без источника покупателей — честно сказать до продажи","30 мин, видео или телефон","опция"
"D02","Этап 0 · Диагностика и план","Аудит текущих каналов","NC","2400","1.5","","","","","1","D01","есть МП-кабинет, соцсети или старый сайт","ссылки, выгрузка отчёта МП за 3 мес (по желанию)","список того, что переносим и что теряем","клиент не даёт цифры — работаем по открытым данным","по открытым данным / с доступом к кабинету","Б С+"
"D03","Этап 0 · Диагностика и план","Смета владения магазином на 12 месяцев","NC","2400","1","","","","","1","D04","всегда в этапе 0","тариф, приложения, эквайринг, касса, доставка","таблица расходов по месяцам","тарифы InSales меняются — указать дату расчёта","—","Б С+"
"D04","Этап 0 · Диагностика и план","Подбор тарифа и проверка интеграций","NC","2400","0.5","","","","","1","","всегда","нужные интеграции из брифа","тариф + список приложений с ценами","нужная интеграция есть только на «Комбо» или платная","«Интернет-магазин» / «Комбо»","Э С Б С+"
"D05","Этап 0 · Диагностика и план","Подбор темы: 3 кандидата под нишу","DES","2400","1.5","","","","","1","","всегда","референсы, ниша, бюджет на тему","3 темы с плюсами и минусами, рекомендация","клиент выбирает тему «по картинке» без нужных блоков","бесплатная / платная тема (оплачивает клиент)","С Б С+"
"D06","Этап 0 · Диагностика и план","Структура каталога: дерево, свойства, фильтры","NC","2400","1","cats","20","0.5","","2","","всегда","ассортимент (таблица или ссылка на МП)","дерево категорий, список свойств и фильтров","свойства на МП заполнены хаотично — чистка дороже импорта","по выгрузке МП / по прайсу / с нуля","С Б С+"
"D07","Этап 0 · Диагностика и план","Карта страниц и меню","NC","2400","0.5","","","","","1","D06","всегда","структура каталога, список инфостраниц","схема меню и подвала","—","—","С Б С+"
"D08","Этап 0 · Диагностика и план","Состав работ, смета и план-график","NC","2400","1","","","","","1","D02 D06","всегда","бриф, результаты D02–D07","заказ к договору с перечнем работ и ценой","объём «плывёт» — фиксируем границы письменно","—","С Б С+"
"P01","Платформа и аккаунт","Аккаунт InSales, доступы сотрудников","NC","2400","0.25","","","","","1","","всегда","аккаунт оформлен на клиента","клиент владелец, мы — сотрудники с правами","аккаунт оформлен на подрядчика — запрещаем","новый аккаунт / существующий","Э С Б С+"
"P02","Платформа и аккаунт","Общие настройки магазина","NC","2400","0.5","","","","","1","P01","всегда","название, реквизиты, email, телефон","валюта, единицы, часовой пояс, отправитель писем","—","—","Э С Б С+"
"P03","Платформа и аккаунт","Подключение домена и SSL","NC","2400","0.5","","","","","1","P01","всегда","доступ к регистратору домена","магазин открывается по домену с https","доступа к домену нет у клиента — ищем, кто регистрировал","свой домен / покупка нового (+0,25 ч)","Э С Б С+"
"P04","Платформа и аккаунт","Почта на домене (Яндекс 360)","NC","2400","0.5","","","","","1","P03","нет почты на домене","доступ к DNS","info@домен, письма магазина не в спаме","SPF/DKIM — без них письма уходят в спам","—","Б С+"
"P05","Платформа и аккаунт","Уведомления клиенту и менеджеру","NC","2400","0.5","","","","","1","P02","всегда","кому приходят заказы","письма о заказе с логотипом, уведомления в Telegram/почту","письма в спаме","email / Telegram","Э С Б С+"
"P06","Платформа и аккаунт","Статусы заказов под процесс клиента","NC","2400","0.5","","","","","1","P02","всегда","как сейчас обрабатывают заказ","статусы: новый → подтверждён → собран → отправлен → доставлен","—","—","С Б С+"
"T01","Тема и внешний вид","Установка темы и базовые настройки","NC","2400","0.5","","","","","1","D05","всегда","выбранная тема","тема установлена, демо-контент убран","—","—","Э С Б С+"
"T02","Тема и внешний вид","Брендирование: логотип, цвета, шрифты, фавикон","NC","2400","1","","","","","1","T01","всегда","логотип (SVG/PNG), цвета бренда","тема в цветах бренда","нет логотипа — опция DES-логотип","по брендбуку / подбор палитры","Э С Б С+"
"T03","Тема и внешний вид","Шапка, меню, подвал","NC","2400","0.75","","","","","1","D07","всегда","карта меню","навигация на ПК и телефоне","—","—","Э С Б С+"
"T04","Тема и внешний вид","Главная из блоков темы (до 8 блоков)","NC","2400","1.5","homeBlocks","1","0.3","","1","T02","всегда","тексты, баннеры, подборки","главная: баннер, категории, хиты, преимущества, отзывы, подписка","нет фото для баннеров","—","Э С Б С+"
"T05","Тема и внешний вид","Баннеры: 3 шт. для ПК и телефона","DES","2400","2","","","","","1","T02","у клиента нет готовых баннеров","фото товара, оффер","3 баннера в двух размерах","фото низкого качества","—","Б С+"
"T06","Тема и внешний вид","Листинг и карточка товара: блоки и порядок","NC","2400","1","","","","","1","T01","всегда","что важно покупателю в нише","характеристики, доставка, отзывы, похожие товары","—","—","Э С Б С+"
"T07","Тема и внешний вид","Корзина и оформление заказа","NC","2400","0.5","","","","","1","T01","всегда","какие поля реально нужны","короткий чекаут, минимальная сумма, промокоды","лишние поля снижают конверсию","одна страница / шаги","Э С Б С+"
"T08","Тема и внешний вид","Проверка мобильной версии и правки настроек","NC","2400","0.75","","","","","1","T04 T06","всегда","—","все экраны проверены на 375 px","—","—","Э С Б С+"
"T09","Тема и внешний вид","Макеты ключевых экранов в Figma","DES","2400","12","","","","","2","D05","клиенту важен уникальный вид в рамках темы","референсы, брендбук","главная + карточка, ПК и телефон","макет выходит за возможности темы → модификации M","—","опция"
"T10","Тема и внешний вид","Логотип-знак и мини-гайд (экспресс)","DES","2400","6","","","","","2","","логотипа нет","название, ниша, 3 референса","логотип в SVG, цвета, шрифт","—","—","опция"
"M01","Модификации шаблона","Таблица размеров во всплывающем окне","DEV","3500","2.5","","","","","2","T06","одежда, обувь, товары для животных","таблица размеров","кнопка «Подобрать размер» в карточке","—","одна таблица / по категориям (+1 ч)","опция"
"M02","Модификации шаблона","Нестандартный блок на главной или в карточке","DEV","3500","4","","","","","2","T04","нужного блока нет в теме","макет или пример","блок, редактируемый из админки","обновление темы затирает правки — ведём в отдельных файлах","—","опция"
"M03","Модификации шаблона","Бейджи и стикеры на товарах","DEV","3500","2","","","","","1","T06","«новинка», «хит», «−20%» по свойству","список бейджей","бейджи из свойства товара","—","—","опция"
"M04","Модификации шаблона","Фильтр/вывод по нестандартной логике","DEV","3500","3","","","","","2","C02","например, «по породе», «по росту»","описание логики","фильтр работает на ПК и телефоне","медленно на большом каталоге","—","опция"
"M05","Модификации шаблона","Калькулятор/конструктор товара","DEV","3500","10","","","","","3","T06","торт с начинкой, набор из позиций, расчёт по метражу","правила расчёта","выбор параметров → цена → корзина","логика уточняется в процессе — оценка по ТЗ","через варианты товара (дешевле) / JS","опция"
"M06","Модификации шаблона","Правка вёрстки по макету (за экран)","DEV","3500","6","","","","","3","T09","есть макеты T09, отличающиеся от темы","макет экрана","экран соответствует макету","объём недооценён — оценка после макета","—","опция"
"C01","Каталог и контент","Дерево категорий в админке","NC","2400","0.25","cats","10","0.5","","1","D06","всегда","утверждённая структура","категории с URL и обложками","—","—","Э С Б С+"
"C02","Каталог и контент","Свойства, параметры и фильтры","NC","2400","0.5","filters","1","0.15","","1","D06","всегда","список свойств","фильтры в каталоге","значения в данных записаны по-разному («чёрный»/«черный»)","—","Э С Б С+"
"C03","Каталог и контент","Варианты товаров: параметры и шаблон","NC","2400","0.5","","","","","1","C02","есть размеры, цвета, фасовки","пример товара с вариантами","варианты со своими ценой, артикулом, остатком","на МП варианты — отдельные карточки, склейка вручную","—","С Б С+"
"C04","Каталог и контент","Подготовка файла импорта","NC","2400","0.75","sku","500","0.5","","2","C02","импорт из таблицы клиента","Excel/CSV клиента","файл по шаблону InSales, колонки сопоставлены","грязные данные: дубли, пустые цены","—","Э С Б"
"C05","Каталог и контент","Импорт товаров из файла","NC","2400","0.5","sku","500","0.5","","1","C04","есть таблица товаров","файл C04, фото по ссылкам","товары в каталоге с фото и ценами","фото не по ссылкам — загружаем архивом","CSV / XLSX / YML","Э С Б"
"C06","Каталог и контент","Импорт карточек с WB/Ozon","INT","3000","1","sku","500","0.5","","2","C02","селлер, товары уже на МП","API-ключ кабинета МП","товары с фото, описаниями, характеристиками","категории МП ≠ наше дерево — пересортировка в C09","приложение InSales / выгрузка Excel из кабинета","С+"
"C07","Каталог и контент","Перенос каталога со старого сайта","INT","3000","3","sku","500","1","","2","C02","есть сайт без выгрузки","адрес сайта, доступ к админке","товары перенесены, старые URL записаны для редиректов","парсинг ломается на нестандартной вёрстке","выгрузка YML/CSV / парсер","опция"
"C08","Каталог и контент","Ручное заведение товаров","CNT","1500","0","sku","1","0.15","","1","C02","товаров нет ни в каком файле","фото, цены, описания от клиента","карточки заполнены","материалы приходят частями — срок растёт","простой товар 0,15 ч / с вариантами 0,3 ч","опция"
"C09","Каталог и контент","Разнесение по категориям и фильтрам после импорта","NC","2400","0.5","sku","100","0.2","","1","C05","всегда после импорта","импортированные товары","каждый товар в нужной категории, фильтры работают","—","массовое редактирование","Э С Б С+"
"C10","Каталог и контент","Склейка вариантов из отдельных карточек","NC","2400","0","variants","10","0.5","","2","C06","на МП каждый размер/цвет — отдельная карточка","товары после импорта","один товар с вариантами","нет общего артикула — сопоставляем вручную","—","Б С+"
"C11","Каталог и контент","Обработка фото: обрезка, фон, сжатие","CNT","1500","0","photos","1","0.05","","1","","фото разных размеров и фонов","исходные фото","единый формат, вес до 300 КБ","—","вручную / пакетно","опция"
"C12","Каталог и контент","Описания товаров (ИИ-черновик + вычитка)","CNT","1500","0","texts","1","0.1","","1","","описаний нет или они скопированы с МП","характеристики, преимущества","уникальные описания 500–800 знаков","факты о товаре проверяет клиент","—","опция"
"C13","Каталог и контент","Подборки: новинки, хиты, акции","NC","2400","0.5","","","","","1","C05","всегда","какие товары в подборках","3 подборки на главной и в меню","—","—","С Б С+"
"C14","Каталог и контент","Выборочная проверка каталога","NC","2400","0.25","sku","500","0.25","","1","C09","всегда","—","проверены 30+ карточек: цены, фото, остатки, дубли","—","—","С Б С+"
"PAY1","Оплата","Онлайн-оплата картой и СБП","NC","2400","1","","","","","1","P02","всегда","договор эквайринга (подаёт клиент)","оплата проходит, деньги приходят на р/с","модерация банка 3–10 дней — подавать в первый день","Т-Банк / ЮKassa / Сбер / CloudPayments","Э С Б С+"
"PAY2","Оплата","Дополнительный способ оплаты","NC","2400","0","payExtra","1","0.4","","1","PAY1","наличные, счёт для юрлиц, рассрочка, Долями","договор с сервисом","способ виден в чекауте","—","—","Б С+"
"PAY3","Оплата","Онлайн-касса и чеки (54-ФЗ)","NC","2400","0.75","","","","","2","PAY1","всегда, если принимают деньги онлайн","касса или облачная касса, ОФД","чек приходит покупателю","не указаны НДС и признак предмета расчёта","касса банка / облачная касса","Э С Б С+"
"DLV1","Доставка","Самовывоз","NC","2400","0.25","pickups","1","0.15","","1","P02","есть точка или склад","адреса, часы работы","самовывоз с картой","—","—","Э С Б С+"
"DLV2","Доставка","Курьер по городу: зоны и цены","NC","2400","0.75","","","","","1","P02","своя курьерская доставка","зоны, цены, интервалы","стоимость считается по адресу","—","по зонам / фикс","опция"
"DLV3","Доставка","СДЭК: расчёт, пункты выдачи на карте","NC","2400","1","","","","","1","P02","всегда (основная служба)","договор СДЭК, ключи API","цена и срок по адресу, ПВЗ на карте","у товаров нет веса и габаритов — ставим по умолчанию","—","Э С Б С+"
"DLV4","Доставка","Почта России","NC","2400","0.5","","","","","1","P02","всегда (покрытие регионов)","договор или тариф для физлиц","расчёт по индексу","—","—","Э С Б С+"
"DLV5","Доставка","Дополнительная служба доставки","NC","2400","0","dlvExtra","1","0.6","","1","P02","Boxberry, 5Post, Яндекс Доставка, ПЭК…","договор, ключи","служба в чекауте","—","напрямую / через агрегатор ApiShip (+1 ч, одна интеграция на всех)","Б С+"
"DLV6","Доставка","Правила: бесплатная от суммы, вес по умолчанию","NC","2400","0.5","","","","","1","DLV3","всегда","порог бесплатной доставки","правила работают в чекауте","—","—","С Б С+"
"L01","Юридические страницы и доверие","Политика ПДн, согласие, чекбоксы (152-ФЗ)","NC","2400","0.75","","","","","1","P02","всегда","реквизиты оператора ПДн","политика, согласия во всех формах","шаблон не заменяет юриста; уведомление РКН подаёт клиент","—","Э С Б С+"
"L02","Юридические страницы и доверие","Оферта, оплата и доставка, возврат","NC","2400","1","","","","","1","L01","всегда","условия клиента","3 страницы по нашему шаблону","клиент не прочитал — просим подтвердить письменно","наш шаблон / тексты юриста клиента","Э С Б С+"
"L03","Юридические страницы и доверие","Cookie-баннер","NC","2400","0.25","","","","","1","","всегда (Метрика собирает cookie)","—","баннер с ссылкой на политику","—","—","Э С Б С+"
"L04","Юридические страницы и доверие","Контакты, реквизиты, карта","NC","2400","0.5","","","","","1","","всегда","реквизиты, адрес","страница «Контакты»","—","—","Э С Б С+"
"L05","Юридические страницы и доверие","Страница «О бренде»","NC","2400","0.5","","","","","1","T02","всегда","история, фото команды/производства","страница, отвечающая на «а кто вы?»","нет текста — пишем по интервью (+1 ч CNT)","—","С Б С+"
"L06","Юридические страницы и доверие","Дополнительная инфостраница","NC","2400","0","pages","1","0.5","","1","T02","опт, гарантия, уход за товаром, FAQ","текст","страница в меню","—","—","Б С+"
"L07","Юридические страницы и доверие","Отзывы о товарах","NC","2400","0.25","","","","","1","T06","всегда","—","отзывы с модерацией","—","встроенные / импорт отзывов с МП (приложение, +1 ч)","С Б С+"
"A01","Аналитика","Яндекс Метрика: счётчик и вебвизор","NC","2400","0.5","","","","","1","P03","всегда","доступ к Яндекс-аккаунту клиента","счётчик на аккаунте клиента","счётчик на аккаунте подрядчика — запрещаем","—","Э С Б С+"
"A02","Аналитика","Цели: заказ, корзина, мессенджер, звонок","NC","2400","0.75","","","","","1","A01","всегда","—","4–6 целей, проверены тестовыми действиями","—","—","Э С Б С+"
"A03","Аналитика","Электронная коммерция в Метрике","NC","2400","1","","","","","2","A01","всегда","—","в Метрике видны товары, выручка, корзины","ломается после правок темы — проверка в Q01","встроенная интеграция InSales / dataLayer вручную (DEV)","Э С Б С+"
"A04","Аналитика","Яндекс Вебмастер и sitemap","NC","2400","0.5","","","","","1","P03","всегда","—","сайт подтверждён, карта сайта отправлена","—","—","С Б С+"
"A05","Аналитика","UTM-схема и отчёт «откуда заказы»","NC","2400","1","","","","","1","A03","планируется реклама и рассылки","список каналов","таблица UTM + сохранённый отчёт","—","—","Б С+"
"A06","Аналитика","Пиксель VK Рекламы","NC","2400","0.5","","","","","1","P03","будет реклама во ВКонтакте","кабинет VK Ads","пиксель и события","—","—","опция"
"S01","SEO","Базовое SEO: шаблоны title/description, ЧПУ, robots","NC","2400","1","","","","","1","C01","всегда","—","у всех категорий и товаров осмысленные title","—","—","Э С Б С+"
"S02","SEO","Мета-теги ключевых страниц вручную (до 15)","SEO","2400","1.5","","","","","1","S01","пакеты «Бизнес» и выше","основные запросы ниши","главная, категории 1-го уровня, инфостраницы","—","—","Б С+"
"S03","SEO","Семантическое ядро и SEO-структура","SEO","2400","16","","","","","3","","SEO — основной канал (локальный магазин, широкий ассортимент)","ниша, регион, конкуренты","ядро, кластеры, структура категорий и посадочных","делать ДО структуры каталога (D06)","экспресс 8 ч / полное 16–32 ч","опция"
"S04","SEO","Редиректы со старого сайта","NC","2400","1","urls","100","0.5","","2","C07","переезд с сайта, который индексируется","список URL (выгрузка Вебмастера)","301 со старых адресов на новые","без этого теряется поисковый трафик","—","опция"
"S05","SEO","SEO-тексты категорий","SEO","2400","0","catTexts","1","0.6","","1","S03","есть ядро","кластер запросов","текст 1000–1500 знаков","—","—","опция"
"S06","SEO","Яндекс Бизнес / 2ГИС: связка с сайтом","NC","2400","0.5","","","","","1","P03","есть офлайн-точка","доступы к карточкам","сайт в карточках организации","—","—","опция"
"I1C1","Интеграция с 1С","1С: аудит конфигурации и схема обмена","INT","3000","2","","","","","2","","учёт в 1С","конфигурация и версия (УТ, Розница, УНФ…), контакт 1С-специалиста","схема: что, куда, как часто","самописная или старая конфигурация — CommerceML не работает «из коробки»","CommerceML / модуль обмена / через МойСклад","опция"
"I1C2","Интеграция с 1С","1С: выгрузка товаров и категорий","INT","3000","3","","","","","2","I1C1 C02","товары ведут в 1С","настроенный узел обмена в 1С","товары из 1С появляются в InSales","группы 1С ≠ категории сайта — сопоставление","—","опция"
"I1C3","Интеграция с 1С","1С: цены и остатки","INT","3000","1.5","","","","","2","I1C2","всегда при 1С","типы цен, склады","обновление по расписанию","несколько складов — выбрать, какие продаём","—","опция"
"I1C4","Интеграция с 1С","1С: заказы и покупатели в 1С","INT","3000","2","","","","","3","I1C2","заказы обрабатывают в 1С","правила создания документов","заказ сайта → документ в 1С, статусы обратно","дубли контрагентов","—","опция"
"I1C5","Интеграция с 1С","1С: тест, отладка, инструкция","INT","3000","3","","","","","2","I1C3","всегда при 1С","—","10 тестовых циклов без ошибок, инструкция","ошибки на стороне 1С — нужен специалист клиента","—","опция"
"IMS1","Интеграция с МойСклад","МойСклад: подключение и сопоставление товаров","INT","3000","2","sku","500","0.5","","2","C02","учёт в МойСклад","доступ к МойСклад, оплаченная интеграция","товары и варианты связаны по артикулу","артикулы не совпадают","штатная интеграция / приложение","С+"
"IMS2","Интеграция с МойСклад","МойСклад: остатки, цены, заказы","INT","3000","1.5","","","","","2","IMS1","всегда при МойСклад","склады, типы цен","остатки и цены синхронны, заказы падают в МойСклад","—","—","С+"
"IMS3","Интеграция с МойСклад","МойСклад: тест и инструкция","INT","3000","1","","","","","1","IMS2","всегда при МойСклад","—","проверено на 5 заказах","—","—","С+"
"IMP1","Маркетплейсы","Подключение маркетплейса к InSales","INT","3000","0","mp","1","1.25","","2","C02","общие остатки сайта и МП","тариф «Комбо», API-ключи","магазин видит товары и заказы площадки","разные схемы: FBO-остатки не синхронизируются с сайтом","WB / Ozon / Я.Маркет / Avito","С+"
"IMP2","Маркетплейсы","Сопоставление карточек сайта и МП","INT","3000","1","sku","200","0.5","","2","IMP1","товары уже есть и на сайте, и на МП","артикулы","каждая карточка связана","нет единого артикула","—","С+"
"IMP3","Маркетплейсы","Правила остатков и цен по каналам, тест","INT","3000","1.5","","","","","2","IMP2","всегда при IMP1","наценки по каналам, резервы","продали на МП — остаток на сайте уменьшился","—","—","С+"
"CRM1","CRM и коммуникации","CRM: подключение (amoCRM, Битрикс24, RetailCRM)","INT","3000","2","","","","","2","P06","заказы ведут в CRM","доступ к CRM","заказы и заявки падают в воронку","дубли контактов","встроенная CRM InSales — 0 ч","опция"
"CRM2","CRM и коммуникации","CRM: статусы, поля, тест","INT","3000","1.5","","","","","2","CRM1","при CRM1","воронка клиента","статусы синхронны в обе стороны","—","—","опция"
"CRM3","CRM и коммуникации","Кнопки мессенджеров и онлайн-чат","NC","2400","0.5","","","","","1","","всегда","Telegram/WhatsApp/MAX","кнопки на сайте, цели в Метрике","—","—","Э С Б С+"
"CRM4","CRM и коммуникации","Телефония: виджет обратного звонка, коллтрекинг","INT","3000","1.5","","","","","2","A01","много звонков","договор с телефонией","звонки видны в Метрике/CRM","—","Mango / UIS / Calltouch","опция"
"MKT1","Маркетинг и удержание","Фид для Яндекс Директа и Маркета (YML)","NC","2400","0.75","","","","","1","C09","реклама товарами","—","фид проходит проверку","—","—","Б С+"
"MKT2","Маркетинг и удержание","Бонусы и промокоды InSales","NC","2400","1","","","","","1","T07","повторные покупки","правила начисления","бонусы за заказ, промокод на первый заказ","—","встроенные / приложение","Б С+"
"MKT3","Маркетинг и удержание","Email-сервис и брошенная корзина","INT","3000","3","","","","","2","A01","есть база или трафик от 1000 визитов/мес","аккаунт сервиса","письмо через 1 час после брошенной корзины","нет согласий на рассылку","Unisender / Sendsay / Mindbox","опция"
"MKT4","Маркетинг и удержание","Приветственная цепочка (3 письма)","CNT","1500","4","","","","","2","MKT3","при MKT3","бренд, оффер","3 письма с вёрсткой","—","—","опция"
"MKT5","Маркетинг и удержание","Вкладыш «закажите на сайте» для посылок МП","DES","2400","2","","","","","1","","селлер, повторные покупки","оффер, QR","макет вкладыша для печати","правила WB/Ozon ограничивают перенаправление покупателей: без юриста — только вкладыш бренда без призыва покупать вне площадки","не включаем в пакеты по умолчанию","опция"
"Q01","Тестирование","Тестовые заказы: ПК и телефон, все оплаты и доставки","NC","2400","1.5","","","","","1","PAY1 DLV3","всегда","чек-лист Q","протокол: 6+ сценариев, реальная оплата и возврат","—","—","Э С Б С+"
"Q02","Тестирование","Проверка писем, форм, целей Метрики","NC","2400","0.5","","","","","1","A02","всегда","—","все уведомления и цели срабатывают","—","—","С Б С+"
"Q03","Тестирование","Скорость и мобильная проверка (Lighthouse)","NC","2400","0.5","","","","","1","T08","всегда","—","замер, тяжёлые картинки сжаты","—","—","С Б С+"
"Q04","Тестирование","Исправления по итогам тестов (резерв 10%)","NC","2400","0","","","","0.1","1","Q01","всегда","протокол тестов","найденное исправлено","—","—","Э С Б С+"
"R01","Передача и запуск","Обучение сотрудника (созвон + запись)","NC","2400","1","","","","","1","Q01","всегда","кто будет вести магазин","сотрудник сам принимает заказ и меняет товар","—","—","Э С Б С+"
"R02","Передача и запуск","Инструкция «5 операций магазина»","NC","2400","0.25","","","","","1","","всегда","наш шаблон","заказ, товар, цена, акция, возврат — по шагам","—","—","Э С Б С+"
"R03","Передача и запуск","Открытие магазина и передача доступов","NC","2400","0.5","","","","","1","Q04","всегда","—","сайт открыт для индексации, доступы у клиента, акт","—","—","Э С Б С+"
"R04","Передача и запуск","Грейс-период 14 дней: мелкие правки","NC","2400","1.5","","","","","1","R03","всегда","вопросы после запуска","до 1,5 ч мелких правок без доплаты","новые хотелки — в отдельный заказ","—","С Б С+"
