id;модуль;задача;что делаем;когда нужна;вход от клиента;результат;единица;часы_база;часы_за_ед;сложность;роль;зависит_от;риски;варианты;пакеты
ORG-01;Организация;Диагностика (этап 0);Созвон 40 мин + технико-ресурсная диагностика: тариф и лимит товаров, есть ли каталог в файле, формат выгрузки 1С (import.xml/offers.xml) и кто в 1С, склады и точки отгрузки, логистика, ограничения темы на мобильном, касса;всегда;ответы на бриф, доступы к WB/Ozon-кабинету (чтение);заполненный бриф, выбранный пакет и модули;проект;1.5;0;1;NC;;склады и формат 1С всплывают в день запуска (HA-006, HA-067), каталога может не быть вовсе (EN-001);платно отдельно или зачёт в проект;S,M,P
ORG-02;Организация;Карта объёма и смета;Сборка проекта из каталога, расчёт часов, список «входит / не входит», график;всегда;бриф;смета, ТЗ-лист на 1–2 стр.;проект;1;0;1;NC;ORG-01;;—;S,M,P
ORG-03;Организация;Чек-лист материалов;Отправка списка материалов, контроль сбора, проверка полноты;всегда;—;все материалы в папке проекта;проект;0.5;0;1;NC;ORG-02;клиент тянет с материалами — главная причина срыва сроков;—;S,M,P
PLT-01;Платформа;Регистрация и тариф;Создание аккаунта InSales по партнёрской ссылке, выбор тарифа, реквизиты, валюта, часовой пояс, роли сотрудников;всегда;юр. данные, email владельца;аккаунт на имя клиента;проект;1;0;1;NC;ORG-02;аккаунт оформлен на агентство — запрещено, только на клиента;Интернет-магазин / Селлер / Базовый;S,M,P
PLT-02;Платформа;Домен и SSL;Привязка домена, DNS, SSL, редирект с www, проверка;есть домен или нужно купить;доступ к регистратору;магазин открывается по https://домен;домен;0.5;0.5;1;NC;PLT-01;доступ к регистратору у бывшего подрядчика;свой домен / покупка нового;S,M,P
PLT-03;Платформа;Почта на домене;Яндекс 360 / VK WorkSpace, SPF/DKIM для писем магазина;клиент хочет почту info@домен;доступ к DNS;почта и письма магазина не в спаме;проект;1;0;1;NC;PLT-02;письма уходят в спам без DKIM;—;M,P
PLT-04;Платформа;Сотрудники и права;Доступы менеджерам, роли, уведомления;больше 1 человека работают с заказами;список сотрудников;у каждого свой доступ;сотрудник;0;0.2;1;NC;PLT-01;;—;M,P
DSN-01;Дизайн;Подбор шаблона;2–3 темы под нишу и ассортимент, сравнение, согласование;всегда;референсы, ниша;выбранная тема;проект;0.5;0;1;NC;ORG-02;клиент выбирает тему по картинке демо, а не по функциям;бесплатная / платная 3–45 тыс. ₽;S,M,P
DSN-02;Дизайн;Установка и стиль темы;Логотип, цвета, шрифты, кнопки, фавикон через конструктор;всегда;логотип SVG/PNG, фирменные цвета;магазин в цветах бренда;проект;2;0;1;NC;DSN-01;нет логотипа в векторе;—;S,M,P
DSN-03;Дизайн;Шапка, меню, подвал;Меню каталога, контакты, мессенджеры, подвал со ссылками на документы;всегда;контакты, соцсети;навигация готова;проект;1.5;0;1;NC;DSN-02;;—;S,M,P
DSN-04;Дизайн;Главная из блоков;Сборка главной из блоков шаблона (баннер, категории, хиты, преимущества, отзывы, о бренде);всегда;тексты, фото баннеров;главная готова;блок;1;0.8;1;NC;DSN-02;баннеры не по размеру шаблона;до 6 блоков в Старт, до 10 в Магазин;S,M,P
DSN-05;Дизайн;Баннеры;Подготовка 1 баннера (десктоп + мобайл) из фото клиента;нет готовых баннеров;фото, текст акции;баннер 2 размера;баннер;0;1;1;DSN;DSN-02;плохие исходные фото;—;опция
DSN-06;Дизайн;Мобильная проверка;Проверка всех страниц на 375 px, правка блоков;всегда;—;мобильная версия без поломок;проект;1;0;1;NC;DSN-04;;—;S,M,P
DSN-07;Дизайн;Макет нестандартного блока;Макет в Figma для блока, которого нет в шаблоне;нужен блок вне шаблона;референс;макет десктоп + мобайл;блок;0;2.5;2;DSN;;растёт в кастом;—;опция
CAT-01;Каталог;Структура каталога;Дерево категорий до 3 уровней, логика как ищет покупатель (не как на складе);всегда;список ассортимента;согласованное дерево;категория;0.5;0.08;1;NC;ORG-02;клиент копирует структуру склада/1С;—;S,M,P
CAT-02;Каталог;Свойства и фильтры;Параметры товаров (размер, цвет, материал), фильтры в категориях;больше 30 товаров или есть выбор по параметрам;список параметров;фильтры работают;параметр;0.5;0.25;1;NC;CAT-01;грязные значения (XL / xl / ХЛ);—;M,P
CAT-03;Каталог;Модификации товаров;Варианты (размер × цвет) с отдельными ценами/остатками;товары с вариантами;таблица вариантов;варианты в карточке;проект;1;0;2;NC;CAT-02;путаница артикулов вариантов;—;M,P
CAT-04;Каталог;Шаблон карточки;Состав карточки: фото, описание, характеристики, размерная сетка, похожие товары;всегда;пример лучшей карточки с WB/Ozon;единый формат карточки;проект;1;0;1;NC;CAT-02;;—;S,M,P
CAT-05;Каталог;Размерная сетка / таблица;Таблица размеров во всех карточках категории;одежда, обувь;таблица размеров;сетка в карточках;таблица;0;0.5;1;NC;CAT-04;;—;опция
CAT-06;Каталог;Подборки и ярлыки;Хиты, новинки, распродажа, ярлыки на фото;всегда;список товаров;подборки на главной;проект;0.5;0;1;NC;CAT-01;;—;S,M,P
CAT-07;Каталог;Поиск по сайту;Настройка поиска, синонимы, проверка 10 частых запросов;больше 100 товаров;частые запросы;поиск находит товары;проект;0.5;0;1;NC;CNT-01;;—;M,P
CNT-01;Контент;Карточки вручную;Создание карточки: название, цена, описание, фото, свойства, категория;до 50 товаров без файла;фото и тексты по товарам;товар на сайте;товар;0;0.15;1;CNT;CAT-04;фото разного формата и фона;—;S
CNT-02;Контент;Обработка фото;Кадрирование под формат, сжатие, единый фон (без ретуши);фото разного размера;исходники фото;фото в едином формате;фото;0;0.03;1;CNT;;ретушь и удаление фона — отдельно;пакетно / вручную;опция
CNT-03;Контент;Описания товаров (ИИ + редактура);Описания по шаблону с ИИ, проверка фактов, ключевые слова;описаний нет или они с маркетплейса дословно;характеристики, преимущества;уникальные описания;товар;0.5;0.08;1;CNT;CNT-01;ошибки в характеристиках — проверяет клиент;—;опция
CNT-04;Контент;Тексты категорий;SEO-текст 1000–1500 знаков на категорию;планируется SEO;ключевые запросы;текст на странице категории;категория;0;0.6;1;SEO;SEO-02;;—;опция
CNT-05;Контент;Отзывы;Перенос отзывов с маркетплейса / Яндекс Карт как блок на главной;есть отзывы на площадках;ссылки;блок отзывов;проект;1;0;1;NC;DSN-04;нельзя выдавать за отзывы сайта;скриншоты / текст с подписью источника;опция
IMP-01;Импорт;Подготовка файла импорта;Сведение таблицы клиента к формату InSales (CSV/XLSX): колонки, категории, свойства, варианты;от 50 товаров;выгрузка из 1С/МС/WB/Ozon/Excel;валидный файл импорта;проект;2;0;2;NC;CAT-02;грязные данные: пустые артикулы, дубли;—;M,P
IMP-02;Импорт;Чистка данных;Исправление дублей, единиц, значений свойств;данные грязные (проверка на этапе 0);файл;чистый файл;100 товаров;0;1;2;CNT;IMP-01;объём выясняется только после открытия файла;—;опция
IMP-03;Импорт;Загрузка и проверка;Импорт, выборочная проверка 10% карточек, правка ошибок;от 50 товаров;файл;товары на сайте;100 товаров;1;0.3;1;NC;IMP-01;;—;M,P
IMP-04;Импорт;Импорт из WB/Ozon;Перенос карточек с маркетплейса через модуль InSales «Маркетплейсы» или выгрузку кабинета: фото, описания, характеристики;селлер с карточками на WB/Ozon;API-ключ или выгрузка;карточки с фото на сайте;100 товаров;2;0.5;2;INT;PLT-01;разные артикулы на WB и Ozon, фото по ссылкам маркетплейса;модуль / выгрузка Excel;P
IMP-05;Импорт;Фото по ссылкам;Загрузка фото по ссылкам или из архива с привязкой по артикулу;фото лежат отдельно;архив / ссылки;фото привязаны;100 товаров;0.5;0.3;1;NC;IMP-03;имена файлов не совпадают с артикулами;—;опция
IMP-06;Импорт;Регулярное обновление по файлу;Настройка периодического импорта цен/остатков по ссылке на файл (YML/CSV);нет учётной системы, но есть прайс;ссылка на прайс;цены обновляются сами;проект;2;0;2;INT;IMP-03;формат файла поставщика меняется;—;опция
PAY-01;Оплата;Эквайринг;Подключение платёжного модуля (ЮKassa, Т-Банк, CloudPayments, Робокасса), тестовый платёж, возврат;всегда;договор с банком/агрегатором (заключает клиент);оплата картой и СБП;способ;0.5;0.75;1;NC;PLT-01;проверка магазина банком до 5 дней — запускать заранее;—;S,M,P
PAY-02;Оплата;Онлайн-касса 54-ФЗ;Связка с кассой (ОФД), проверка чека;онлайн-оплата физлицами;касса/облачная касса;чек уходит покупателю;проект;0.5;0;2;NC;PAY-01;без кассы ЮKassa не показывает способы оплаты (ZL-009), ожидание поддержки ЮKassa не входит (ZL-004);облачная касса агрегатора;S,M,P
PAY-03;Оплата;Счёт для юрлиц / рассрочка / долями;Оплата по счёту, Сплит, Долями, Подели;B2B или чек выше 5 тыс.;договор с сервисом;доп. способы оплаты;способ;0;1;1;NC;PAY-01;;—;опция
DLV-01;Доставка;Самовывоз и курьер;Способы с зонами и ценами по правилам клиента;всегда;адреса, тарифы, зоны;доставка в оформлении заказа;способ;0.5;0.5;1;NC;PLT-01;;—;S,M,P
DLV-02;Доставка;Служба доставки;Подключение СДЭК / Почта / Boxberry / Яндекс Доставка: расчёт стоимости, ПВЗ на карте, габариты;отправки по России;договор со службой, габариты и вес;расчёт доставки при оформлении;служба;0.5;1;2;NC;CAT-04;нет веса/габаритов в товарах — расчёт неверный;—;S(1),M(2),P(2)
DLV-03;Доставка;Бесплатная доставка от суммы / правила;Условия, ограничения по регионам, наложенный платёж;есть правила;правила;правила работают;проект;0.5;0;1;NC;DLV-02;;—;M,P
DLV-04;Доставка;Агрегатор доставки;ApiShip / Shiptor / Яндекс Доставка Pro — много служб в одном виджете;3+ служб;договор с агрегатором;единый виджет;проект;3;0;2;INT;;;—;опция
LEG-01;Документы;Юридические страницы;Оферта, политика ПДн, согласие на обработку ПДн, согласие на рассылку, cookie — по шаблону под реквизиты;всегда (152-ФЗ, ЗоЗПП);реквизиты, условия возврата;страницы + ссылки в подвале и формах;проект;1;0;1;NC;PLT-01;шаблон не заменяет юриста — проверка за клиентом;—;S,M,P
LEG-02;Документы;Галочки согласий и cookie-баннер;Согласие в оформлении и формах, баннер cookie;всегда;—;формы соответствуют 152-ФЗ;проект;0.5;0;1;NC;LEG-01;;—;S,M,P
LEG-03;Документы;Уведомление РКН об обработке ПДн;Помощь с подачей уведомления оператора ПДн;клиент не подавал;реквизиты;заполненное уведомление;проект;1;0;1;NC;;штрафы за отсутствие уведомления;—;опция
PAG-01;Страницы;Инфостраницы;О нас, Контакты (карта), Доставка и оплата, Возврат, FAQ;всегда;тексты или ответы на вопросы;страницы опубликованы;страница;0;0.3;1;NC;DSN-03;клиент не даёт тексты — пишем по анкете;—;S(4),M(5),P(5)
PAG-02;Страницы;Дополнительная страница из блоков;Опт, Франшиза, Производство, Лукбук;нужна;тексты, фото;страница;страница;0;1.5;1;NC;DSN-02;;—;опция
PAG-03;Страницы;Блог/статьи;Раздел статей + 3 статьи из материалов клиента;SEO или экспертный товар;тексты;раздел блога;статья;0.5;0.5;1;NC;;;—;опция
NTF-01;Заказы;Уведомления и статусы;Письма покупателю (шаблоны), уведомления менеджеру в почту/Telegram, статусы заказа;всегда;кто обрабатывает заказы;заказ не теряется;проект;0.5;0;1;NC;PAY-01;;—;S,M,P
NTF-02;Заказы;Брошенные корзины;Автописьмо о брошенной корзине;есть онлайн-оплата;текст скидки/напоминания;письмо работает;проект;0.5;0;1;NC;NTF-01;;—;M,P
NTF-03;Заказы;Промокоды и скидки;Скидки, промокоды, бонусы InSales;есть программа лояльности;условия;механика работает;механика;0;0.5;1;NC;;;—;опция
ANL-01;Аналитика;Яндекс Метрика и Вебмастер;Счётчик, вебвизор, цели (корзина, заказ, звонок), Вебмастер, sitemap;всегда;доступ к Яндекс-аккаунту клиента;данные собираются;проект;1;0;1;NC;PLT-02;счётчик на аккаунте подрядчика — только на клиента;—;S,M,P
ANL-02;Аналитика;Электронная коммерция;E-commerce в Метрике, проверка передачи заказов и выручки;планируется Директ;доступ к Метрике;выручка видна в Метрике;проект;1.5;0;2;NC;ANL-01;расхождения с CRM;—;M,P
ANL-03;Аналитика;Пиксели и VK Реклама;Пиксель VK, цели, фид товаров для рекламы;планируется реклама в VK;доступ к кабинету;пиксель и фид;проект;1.5;0;1;NC;ANL-01;;—;опция
ANL-04;Аналитика;Товарный фид Яндекс;YML-фид для Директа (товарная кампания) / Яндекс Товары;планируется Директ;—;фид проходит модерацию;проект;1;0;1;NC;CAT-04;ошибки модерации фида;—;опция
SEO-01;SEO;Базовое SEO;Шаблоны title/description для категорий и товаров, ЧПУ, robots, sitemap, микроразметка из шаблона, склейка зеркал;всегда;—;сайт готов к индексации;проект;1;0;1;SEO;CAT-01;;—;S,M,P
SEO-02;SEO;Семантика и SEO-структура;Сбор запросов, кластеризация, структура категорий под спрос, карта посадочных;SEO — канал продаж;ниша, регион, конкуренты;SEO-карта (как в Happy Animal);кластер;4;0.15;2;SEO;;растёт с ассортиментом;экспресс 50 кластеров / полная;опция
SEO-03;SEO;Ручные мета-теги;Уникальные title/description/H1 по SEO-карте;после SEO-02;SEO-карта;мета на страницах;страница;0;0.15;1;SEO;SEO-02;;—;опция
SEO-04;SEO;Локальное SEO;Яндекс Бизнес / 2ГИС: связь с сайтом, товары в карточке;есть офлайн-точки;доступ к карточкам;точки ведут на сайт;точка;0;1;1;SEO;;;—;опция
SEO-05;SEO;Перенос с сохранением позиций;Карта 301-редиректов со старых адресов;меняется сайт с трафиком;старый сайт;редиректы, позиции сохранены;100 URL;1;0.5;2;SEO;MIG-01;потеря трафика при переезде;—;опция
MIG-01;Перенос;Перенос со старого сайта;Выгрузка товаров/категорий/клиентов со старого сайта (Tilda, WP, Bitrix, Ecwid) и перенос;есть действующий сайт;доступ к старому сайту;данные на InSales;проект;3;0;2;INT;;нет нормального экспорта — парсинг;экспорт / парсинг;опция
MIG-02;Перенос;Перенос клиентов и заказов;База покупателей и история заказов;клиент хочет сохранить базу;выгрузка;база в InSales;проект;2;0;2;INT;MIG-01;согласие на рассылку не переносится автоматически;—;опция
INT-1C-01;1С;Аудит 1С;Конфигурация и версия (УТ 11, УНФ, Розница, ERP), модуль обмена, кто ведёт 1С;учёт в 1С;доступ к 1С или контакт программиста 1С;решение по схеме обмена;проект;1.5;0;2;INT;ORG-01;самописная/старая конфигурация;—;опция
INT-1C-02;1С;Товары и категории из 1С;Настройка CommerceML: выгрузка номенклатуры, групп, свойств;учёт в 1С;доступ;товары приходят из 1С;проект;4;0;3;INT;INT-1C-01;фото из 1С не всегда выгружаются, группы 1С ≠ каталог сайта;сопоставление групп / ручная структура;опция
INT-1C-03;1С;Цены и остатки;Выгрузка типов цен и складов, расписание обмена;учёт в 1С;—;цены и остатки синхронны;проект;2;0;2;INT;INT-1C-02;несколько складов/типов цен;—;опция
INT-1C-04;1С;Заказы в 1С;Загрузка заказов сайта в 1С, статусы обратно;заказы обрабатываются в 1С;—;заказ сайта появляется в 1С;проект;3;0;3;INT;INT-1C-02;доработки 1С делает программист 1С клиента;—;опция
INT-1C-05;1С;Тест и отладка обмена;Полный цикл: товар → заказ → остаток, исправление ошибок;учёт в 1С;—;обмен стабилен 3 дня;проект;3;0;3;INT;INT-1C-04;;—;опция
INT-MS-01;МойСклад;Товары, цены, остатки;Штатная интеграция МойСклад: связка по артикулу, склады, типы цен;учёт в МоемСкладе;доступ;синхронизация;проект;3;0;2;INT;CAT-02;дубли артикулов;—;опция
INT-MS-02;МойСклад;Заказы в МойСклад;Передача заказов, статусы;—;—;заказ в МоемСкладе;проект;1.5;0;2;INT;INT-MS-01;;—;опция
INT-MP-01;Маркетплейсы;Подключение кабинетов WB/Ozon/ЯМ;Модуль «Маркетплейсы» (тариф Селлер): API-ключи, сопоставление категорий;селлер;API-ключи;кабинеты связаны;площадка;1;1.5;2;INT;PLT-01;разные требования площадок к атрибутам;—;P
INT-MP-02;Маркетплейсы;Единые остатки сайт ↔ площадки;Общий склад, чтобы не продать одно и то же дважды;селлер с FBS;—;остатки синхронны;проект;2;0;3;INT;INT-MP-01;FBO-остатки на складах площадки не синхронизируются;FBS / FBO-логика;P
INT-MP-03;Маркетплейсы;Выгрузка новых карточек с сайта на площадки;Создание карточек на площадке из InSales;новые товары;—;карточки отправлены на модерацию;100 товаров;1;1;2;INT;INT-MP-01;модерация площадки;—;опция
CRM-01;CRM;Интеграция CRM;RetailCRM / amoCRM / Битрикс24: заказы и клиенты в CRM, статусы;обработка заказов в CRM;доступ к CRM;заказы в CRM;проект;4;0;2;INT;NTF-01;кастомные поля;штатный модуль / виджет;опция
CRM-02;CRM;Телефония и колл-трекинг;Виджет звонка, подмена номеров (Calltouch/Mango) ;реклама + звонки;договор с сервисом;звонки в аналитике;проект;2;0;2;INT;ANL-01;;—;опция
CRM-03;CRM;Онлайн-чат / мессенджеры;Jivo / Telegram / WhatsApp-кнопка, виджет;всегда желательно;аккаунт;кнопки на сайте;проект;0.5;0;1;NC;;;—;S,M,P
EML-01;Email;Email-маркетинг;Подключение рассылок (InSales email / Unisender / Mindbox), форма подписки, 1 приветственная цепочка;есть база;база с согласиями;рассылка работает;проект;3;0;2;INT;LEG-01;база без согласий;—;опция
MOD-01;Модификации;Мелкая правка шаблона кодом;CSS/Liquid: правка, которой нет в настройках темы (до 1 ч);мелкие хотелки;описание + пример;правка;правка;0;1;2;DEV;DSN-02;платформа обновляет тему — правки сохраняются только в копии;—;опция
MOD-02;Модификации;Нестандартный блок кодом;Вёрстка блока по макету (Liquid + CSS + JS);нужен блок вне шаблона;макет DSN-07;блок на сайте;блок;0;5;3;DEV;DSN-07;растёт в кастом-проект;—;опция
MOD-03;Модификации;Кастомный функционал;Калькулятор, конструктор товара, B2B-цены и т. п.;нестандартная логика;ТЗ;функция;функция;0;12;3;DEV;;высокая неопределённость → формат НЕТИП;—;опция
QA-01;Тестирование;Тестовые заказы;Полный путь до оплаты и передачи в доставку: товар → корзина → доставка → оплата → чек → письмо → статус, все формы включая «в один клик», десктоп и мобайл, приёмка на тестовой теме, затем на боевой, удалить тестовые товары;всегда;—;протокол теста;проект;1.5;0;1;QA;PAY-01;без отдельного теста дефекты находят после запуска (HA-079), заявки с форм не доходят (MT-004);—;S,M,P
QA-02;Тестирование;Тест интеграций;Полный цикл обмена с учётной системой/площадкой;есть интеграции;—;протокол;интеграция;0;1;2;QA;INT-1C-05;;—;P
LCH-01;Запуск;Передача и обучение;Видеоинструкция (Loom/VK видео) по заказам, товарам, акциям + созвон 1 ч;всегда;—;клиент сам ведёт магазин;проект;1.5;0;1;NC;QA-01;;—;S,M,P
LCH-02;Запуск;Запуск;Открытие магазина, проверка индексации, первый реальный заказ, чек-лист готовности;всегда;—;магазин принимает заказы;проект;0.5;0;1;NC;LCH-01;;—;S,M,P
SUP-01;Поддержка;Гарантия 60 дней;Исправление ошибок наших работ;всегда;—;—;проект;0;0;1;NC;;изменения платформы не входят;—;S,M,P
SUP-02;Поддержка;Абонемент;Пакет часов в месяц: контент, акции, правки, отчёт по Метрике;после запуска;—;магазин развивается;час;0;1;1;NC;;;5 / 10 / 20 ч в мес;опция
ORG-04;Организация;Буфер мелких задач;Пул на мелкие спонтанные правки по ходу проекта, тратится по таймеру, остаток не выставляется;проекты Магазин и Селлер;—;мелочи не срывают график и не спорят о деньгах;проект;3;0;1;NC;ORG-02;без буфера мелочи копятся в спор об оплате;практика из AG-006 и AG-035;опция
QA-03;Тестирование;Аудит после запуска;Проверка по чек-листу запуска: адреса и контакты, часы доставки, страница «Доставка и оплата», названия из 1С, 404, MX почты, демо-контент темы, индексация, документы и галочки;через 1–2 недели после запуска или для чужого магазина;доступ к магазину;список дефектов с приоритетом;проект;4;0;1;NC;LCH-02;—;основа — HA-037, HA-074, BV-007 (4 ч = 9 000 ₽);опция
MOD-04;Модификации;Свой модуль оформления заказа;Готовый модуль агентства (оформление в 1 шаг, свой дизайн) + интеграция;дизайн оформления отходит от стандартного InSales больше чем на ~40%;макет;новое оформление заказа;проект;12;0;2;DEV;MOD-01;в 4-м поколении оформление нельзя менять через Liquid (AG-013);цена из WZ-008: модуль 16 800 + интеграция 12 000 ₽;опция
