"id","блок","работа","описание","когда нужна","вход","результат","роль","ставка","норма ч","единица","уровень","зависимости","риски","в пакетах"
"S1","Старт и доступы","Стартовый созвон","Знакомство, сверка объёма по смете, договорённость о сроках и ЛПР","всегда","смета, бриф","чат проекта, график, список материалов","Ноукод-сборщик InSales","2400","1","проект","1","","","Экспресс, Старт, Селлер, Бизнес"
"S2","Старт и доступы","Регистрация магазина и доступы","Аккаунт InSales на юрлицо клиента, доступ агентству, выбор тарифа","всегда","реквизиты, почта владельца","магазин на технодомене, права агентства","Ноукод-сборщик InSales","2400","0,5","проект","1","","Аккаунт оформлен на агентство — потом проблемы с передачей. Только на клиента.","Экспресс, Старт, Селлер, Бизнес"
"S3","Старт и доступы","Чек-лист материалов","Выдать клиенту список и шаблоны: логотип, товары, реквизиты, тексты, фото","всегда","бриф","таблица материалов со сроками","Ноукод-сборщик InSales","2400","0,5","проект","1","","","Старт, Селлер, Бизнес"
"Z1","Этап 0: диагностика","Разбор каналов и экономики","Откуда придут первые 100–300 посетителей, маржа, повторность, роль сайта рядом с МП","новый магазин, нет ясности, зачем он","ответы брифа, отчёт МП (по желанию)","вывод «запускать / подождать / минимальная витрина»","Ноукод-сборщик InSales","2400","1,5","проект","2","","",""
"Z2","Этап 0: диагностика","Выбор тарифа и проверка интеграций","Сверить на текущих тарифах InSales нужные интеграции, лимиты товаров, платные приложения","всегда перед сметой","список интеграций","тариф и список приложений с ценами","Ноукод-сборщик InSales","2400","1","проект","2","","Тарифы InSales меняются (2026 — обновление): проверять в день сметы",""
"Z3","Этап 0: диагностика","Смета владения на 12 месяцев","Работа + подписка + приложения + эквайринг + касса + доставка + реклама + поддержка","всегда","Z1, Z2","таблица расходов первого года","Ноукод-сборщик InSales","2400","1","проект","1","Z2","",""
"Z4","Этап 0: диагностика","План запуска","Состав работ по модулям, сроки, что делает клиент","всегда","Z1–Z3","план и фиксированная смета","Ноукод-сборщик InSales","2400","0,5","проект","1","Z3","",""
"T1","Шаблон и оформление","Подбор темы","2–3 темы под ассортимент и референсы, демо клиенту","всегда","референсы, ниша","выбранная тема (бесплатная или платная)","Ноукод-сборщик InSales","2400","1","проект","1","S2","","Экспресс, Старт, Селлер, Бизнес"
"T2","Шаблон и оформление","Брендирование темы","Логотип, цвета, шрифты, фавикон, кнопки","всегда","логотип, фирменные цвета","тема в цветах бренда","Ноукод-сборщик InSales","2400","1,5","проект","1","T1","","Экспресс, Старт, Селлер, Бизнес"
"T3","Шаблон и оформление","Шапка, меню, подвал","Навигация, контакты, мессенджеры, соцсети, реквизиты в подвале","всегда","структура каталога, контакты","навигация на всех устройствах","Ноукод-сборщик InSales","2400","1,5","проект","1","C1","","Экспресс, Старт, Селлер, Бизнес"
"T4","Шаблон и оформление","Главная страница (до 8 блоков)","Сборка главной из блоков конструктора темы: баннер, категории, хиты, преимущества, отзывы","всегда","тексты, фото, баннеры","главная","Ноукод-сборщик InSales","2400","3","проект","1","T2","","Старт, Селлер, Бизнес"
"T4e","Шаблон и оформление","Главная из демо-блоков темы","Замена текстов и фото в готовых блоках темы, без новой компоновки","пакет «Экспресс»","логотип, 3–5 фото","главная","Ноукод-сборщик InSales","2400","1,5","проект","1","T2","","Экспресс"
"T5","Шаблон и оформление","Дополнительный блок главной","Каждый блок сверх 8","по желанию","","блок","Ноукод-сборщик InSales","2400","0,4","шт.","1","T4","",""
"T6","Шаблон и оформление","Баннер (дизайн)","Баннер в двух размерах: компьютер и телефон","нет готовых баннеров","фото, оффер","баннер","Дизайнер UX/UI","2400","0,75","шт.","1","","",""
"T7","Шаблон и оформление","Каталог и карточка: вывод","Фильтры, сортировка, табы карточки, характеристики, похожие товары","всегда","свойства товаров (C2)","каталог и карточка","Ноукод-сборщик InSales","2400","1,5","проект","1","C2","","Старт, Селлер, Бизнес"
"T8","Шаблон и оформление","Корзина и оформление заказа","Поля заказа, обязательность, минимальная сумма, один шаг","всегда","","короткий чекаут","Ноукод-сборщик InSales","2400","1","проект","1","","","Экспресс, Старт, Селлер, Бизнес"
"T9","Шаблон и оформление","Письма и уведомления","Шаблоны писем покупателю и магазину, статусы заказа, Telegram-уведомление менеджеру","всегда","логотип, тексты","брендированные письма","Ноукод-сборщик InSales","2400","1,5","проект","1","","","Старт, Селлер, Бизнес"
"T10","Шаблон и оформление","Проверка мобильной версии","Все типовые страницы на 375 px и планшете","всегда","","список правок закрыт","Ноукод-сборщик InSales","2400","1","проект","1","","","Старт, Селлер, Бизнес"
"T11","Шаблон и оформление","Информационная страница","О бренде, гарантия, оптовикам и т. п. из готового текста","по списку клиента","текст, фото","страница","Ноукод-сборщик InSales","2400","0,5","шт.","1","","",""
"M1","Модификации шаблона (код)","Мелкая правка темы (CSS/Liquid)","Сдвиг, скрыть/показать элемент, иконки, подпись — до 1 ч каждая","конструктора темы не хватает","скриншот и описание","правка в теме","Разработчик InSales (Liquid, интеграции)","3500","1","шт.","2","T1","Правки кода теряются при обновлении темы — фиксируем список",""
"M2","Модификации шаблона (код)","Новый блок/виджет на Liquid","Блок, которого нет в теме: таблица размеров, калькулятор, слайдер брендов","уникальная механика","макет или пример","блок в редакторе темы","Разработчик InSales (Liquid, интеграции)","3500","5","шт.","2","T1","",""
"M3","Модификации шаблона (код)","Дизайн нестандартного блока","Макет блока в Figma/pen для M2","нет примера","задача","макет","Дизайнер UX/UI","2400","3","шт.","2","","",""
"M4","Модификации шаблона (код)","Сложная механика карточки","Конструктор набора, расчёт по размерам, персонализация","по ТЗ","ТЗ","механика в карточке","Разработчик InSales (Liquid, интеграции)","3500","12","шт.","3","M3","Оценка только после ТЗ; формат НЕТИП или часы",""
"M5","Модификации шаблона (код)","Уникальный лендинг внутри магазина","Дизайн страницы бренда/коллекции (вёрстка — M2)","запуск коллекции","тексты, фото","макет","Дизайнер UX/UI","2400","6","шт.","2","","",""
"C1","Каталог и товары","Структура каталога (до 15 категорий)","Дерево категорий по поисковой логике покупателя, не по складу","всегда","ассортимент","схема категорий","Ноукод-сборщик InSales","2400","1,5","проект","2","","","Экспресс, Старт, Селлер, Бизнес"
"C1x","Каталог и товары","Категория сверх 15","Каждая категория сверх 15","большой ассортимент","","","Ноукод-сборщик InSales","2400","0,1","шт.","1","C1","",""
"C2","Каталог и товары","Свойства и фильтры (до 8)","Характеристики для фильтров: размер, цвет, материал и т. п.","всегда","ассортимент","список свойств","Ноукод-сборщик InSales","2400","1","проект","2","C1","","Экспресс, Старт, Селлер, Бизнес"
"C2x","Каталог и товары","Свойство сверх 8","","сложный ассортимент","","","Ноукод-сборщик InSales","2400","0,25","шт.","1","C2","",""
"C3","Каталог и товары","Модификации товаров","Варианты (размер × цвет), отдельные артикулы и остатки","есть варианты","","схема вариантов","Ноукод-сборщик InSales","2400","1","проект","2","C2","","Старт, Селлер, Бизнес"
"C4","Каталог и товары","Шаблон таблицы импорта","Выдать клиенту таблицу InSales с примерами заполнения","импорт из таблицы","","шаблон XLSX","Ноукод-сборщик InSales","2400","1","проект","1","C2","","Старт"
"C5","Каталог и товары","Импорт: подготовка и первый прогон","Сопоставление колонок, пробный импорт 20 товаров, проверка","есть таблица товаров","таблица клиента","первые товары на сайте","Ноукод-сборщик InSales","2400","1","проект","1","C4","","Экспресс, Старт"
"C5s","Каталог и товары","Импорт и проверка: объём","Загрузка и выборочная проверка каждых 100 товаров","импорт","","товары на сайте","Ноукод-сборщик InSales","2400","0,3","100 товаров","1","C5","",""
"C6","Каталог и товары","Чистка данных клиента","Единые названия, единицы, свойства, дубли — на каждые 100 товаров","таблица «как есть»","таблица клиента","чистая таблица","Ноукод-сборщик InSales","2400","1","100 товаров","2","C5","Главный источник перерасхода. Качество данных фиксировать в брифе",""
"C7","Каталог и товары","Ручное заведение карточки","Товар без таблицы: название, цена, фото, свойства (12 мин)","нет таблицы, до 50 товаров","фото, цены","карточка","Ноукод-сборщик InSales","2400","0,2","шт.","1","C2","",""
"C8","Каталог и товары","Описание товара с помощью ИИ + редактура","Черновик описания по характеристикам, проверка человеком (3 мин)","нет описаний","характеристики","описание","Ноукод-сборщик InSales","2400","0,05","шт.","1","","",""
"C9","Каталог и товары","Обработка фото","Кадр, фон, размер — пакетно (2 мин на фото)","фото разного формата","исходники","фото единого вида","Ноукод-сборщик InSales","2400","0,03","шт.","1","","",""
"C10","Каталог и товары","Подборки","Новинки, хиты, скидки, подарки — автоматические и ручные","всегда","","подборки на главной и в меню","Ноукод-сборщик InSales","2400","0,5","проект","1","C5","","Старт, Селлер, Бизнес"
"C11","Каталог и товары","Вес и габариты товаров","Заполнение для расчёта доставки (массово через импорт)","есть расчёт доставки","вес/габариты","данные в товарах","Ноукод-сборщик InSales","2400","0,5","проект","1","C5","","Старт, Селлер, Бизнес"
"P1","Оплата и касса","Подключение эквайринга","ЮKassa / Т-Банк / CloudPayments / Сбер: заявка, ключи, тестовый платёж","онлайн-оплата","договор клиента с банком","оплата работает","Ноукод-сборщик InSales","2400","1,5","шт.","2","S2","Модерация банка 2–10 дней — запускать в первый день","Экспресс, Старт, Селлер, Бизнес"
"P2","Оплата и касса","СБП и оплата частями","Включить в платёжном модуле","по желанию","","","Ноукод-сборщик InSales","2400","0,5","проект","1","P1","","Бизнес"
"P3","Оплата и касса","Онлайн-касса (54-ФЗ)","Облачная касса или касса банка, ОФД, проверка чека прихода и возврата","онлайн-оплата","договор кассы/ОФД","чек уходит покупателю","Ноукод-сборщик InSales","2400","1,5","проект","2","P1","Без кассы оплата на сайте — нарушение. Не пропускать","Экспресс, Старт, Селлер, Бизнес"
"P4","Оплата и касса","Оплата при получении и счёт юрлицу","Наличные/карта курьеру, счёт для организаций","по желанию","реквизиты","","Ноукод-сборщик InSales","2400","0,5","проект","1","","","Бизнес"
"D1","Доставка","Самовывоз (точка)","Адрес, часы, карта","есть точки","адреса","","Ноукод-сборщик InSales","2400","0,5","шт.","1","","","Бизнес"
"D2","Доставка","Курьер по городу с зонами","Зоны, цены, бесплатная доставка от суммы","своя доставка","тарифы","","Ноукод-сборщик InSales","2400","1","проект","1","","","Бизнес"
"D3","Доставка","Служба доставки с расчётом","СДЭК / Почта / Boxberry / Яндекс Доставка / 5Post: модуль, пункты выдачи, расчёт","доставка по России","договор со службой","расчёт в корзине","Ноукод-сборщик InSales","2400","1,5","шт.","2","C11","Без договора клиента со службой — только тест","Экспресс, Старт, Селлер, Бизнес"
"D4","Доставка","Агрегатор доставки","ApiShip и аналоги — несколько служб одним модулем","3+ службы","договоры","","Ноукод-сборщик InSales","2400","2","проект","2","C11","",""
"L1","Юридические страницы и доверие","Юридические страницы по шаблонам","Оферта, политика ПД, согласие на обработку ПД (отдельным документом), возврат, доставка и оплата, реквизиты","всегда","реквизиты, условия","страницы на сайте","Ноукод-сборщик InSales","2400","1,5","проект","1","","Это не юридическая консультация: тексты проверяет юрист клиента","Экспресс, Старт, Селлер, Бизнес"
"L2","Юридические страницы и доверие","Согласия в формах и cookie","Чекбоксы без предустановки, cookie-уведомление, ссылки на документы","всегда","","формы соответствуют 152-ФЗ","Ноукод-сборщик InSales","2400","1","проект","1","L1","","Экспресс, Старт, Селлер, Бизнес"
"L3","Юридические страницы и доверие","Памятка про уведомление РКН и маркировку","Что подать клиенту до запуска: уведомление об обработке ПД, Честный знак для своих категорий","всегда","","памятка","Ноукод-сборщик InSales","2400","0,5","проект","1","","","Экспресс, Старт, Селлер, Бизнес"
"N1","Домен, почта, техника","Подключение домена и SSL","DNS, основной адрес без www, сертификат","всегда","доступ к регистратору","сайт на домене","Ноукод-сборщик InSales","2400","0,5","проект","1","","Домен на чужом аккаунте — проверить владельца заранее","Экспресс, Старт, Селлер, Бизнес"
"N2","Домен, почта, техника","Почта на домене и отправитель писем","Яндекс 360 / Mail, SPF/DKIM для писем магазина","по желанию","доступ к DNS","письма не в спаме","Ноукод-сборщик InSales","2400","1","проект","1","N1","","Бизнес"
"A1","Аналитика","Яндекс Метрика: счётчик","Счётчик, вебвизор, доступ владельцу","всегда","","","Ноукод-сборщик InSales","2400","0,5","проект","1","","","Экспресс, Старт, Селлер, Бизнес"
"A2","Аналитика","Цели Метрики","Корзина, оформление, покупка, клик по телефону и мессенджерам","всегда","","цели срабатывают","Ноукод-сборщик InSales","2400","1,5","проект","1","A1","","Экспресс, Старт, Селлер, Бизнес"
"A3","Аналитика","Электронная коммерция в Метрике","Передача товаров и выручки, проверка на тестовом заказе","будет реклама","","выручка в отчётах","Разработчик InSales (Liquid, интеграции)","3500","1,5","проект","2","A1","Сломанная e-commerce цель учит Директ неверно — проверять покупку","Селлер, Бизнес"
"A4","Аналитика","Вебмастер, sitemap, robots","Подтверждение сайта, карта, закрытие служебных страниц","всегда","","","Ноукод-сборщик InSales","2400","0,75","проект","1","","","Экспресс, Старт, Селлер, Бизнес"
"A5","Аналитика","Фид товаров","YML для Яндекс Товаров / Директа / VK","будет реклама или Товары","","фид проходит проверку","Ноукод-сборщик InSales","2400","1","проект","1","C5","","Селлер, Бизнес"
"A6","Аналитика","Пиксель VK","Пиксель и события","реклама в VK","","","Ноукод-сборщик InSales","2400","0,5","проект","1","","",""
"O1","SEO","Базовое SEO","Шаблоны title/description для категорий и товаров, ЧПУ, H1, alt фото","всегда","","мета-теги на всех страницах","Ноукод-сборщик InSales","2400","1","проект","1","C1","","Экспресс, Старт, Селлер, Бизнес"
"O2","SEO","Семантическое ядро и структура","Сбор и кластеризация запросов, структура категорий под спрос","SEO — основной канал","ниша, регион","ядро и структура","SEO-специалист","2400","12","проект","2","","",""
"O3","SEO","SEO-текст категории","Текст до 1500 знаков под кластер","после O2","кластер","текст","SEO-специалист","2400","0,5","шт.","1","O2","",""
"O4","SEO","Локальное SEO","Яндекс Бизнес и 2ГИС: связка с сайтом, адреса точек","есть офлайн-точки","","","Ноукод-сборщик InSales","2400","1","проект","1","","","Бизнес"
"I1","Учёт: МойСклад и 1С","МойСклад: подключение","Приложение, склады, типы цен, правила выгрузки","учёт в МойСклад","доступ к МойСклад","связь установлена","Ноукод-сборщик InSales","2400","2","проект","2","C1","Приложение МойСклад для InSales — платное (ориентир 5 000 ₽ разово, сверить)",""
"I2","Учёт: МойСклад и 1С","МойСклад: сопоставление товаров","Связка карточек сайта и учёта, проверка на каждые 100 товаров","учёт в МойСклад","","","Ноукод-сборщик InSales","2400","0,3","100 товаров","2","I1","",""
"I3","Учёт: МойСклад и 1С","МойСклад: остатки, цены, заказы","Обмен остатками и ценами, заказы с сайта в МойСклад, тест","учёт в МойСклад","","тестовый заказ дошёл до склада","Ноукод-сборщик InSales","2400","2","проект","2","I2","",""
"I4","Учёт: МойСклад и 1С","1С: аудит конфигурации","Конфигурация (УНФ, УТ, Розница, КА), версия, кто ведёт 1С, формат обмена CommerceML","учёт в 1С","доступ или специалист 1С","схема обмена","Разработчик InSales (Liquid, интеграции)","3500","1","проект","3","","Самописная или старая конфигурация — переводим в часы/НЕТИП",""
"I5","Учёт: МойСклад и 1С","1С: товары и группы","Первичная выгрузка номенклатуры, сопоставление с категориями сайта","учёт в 1С","","товары из 1С на сайте","Разработчик InSales (Liquid, интеграции)","3500","2","проект","3","I4","",""
"I6","Учёт: МойСклад и 1С","1С: характеристики и свойства","Модификации и свойства из 1С в фильтры сайта","есть варианты","","","Разработчик InSales (Liquid, интеграции)","3500","2","проект","3","I5","",""
"I7","Учёт: МойСклад и 1С","1С: остатки и цены","Склады, типы цен, расписание обмена","учёт в 1С","","","Разработчик InSales (Liquid, интеграции)","3500","1","проект","2","I5","",""
"I8","Учёт: МойСклад и 1С","1С: заказы и контрагенты","Заказы с сайта в 1С, статусы обратно","заказы ведут в 1С","","тестовый заказ в 1С","Разработчик InSales (Liquid, интеграции)","3500","2","проект","3","I7","",""
"I9","Учёт: МойСклад и 1С","1С: тестирование и исправления","Полный цикл обмена, разбор ошибок","учёт в 1С","","обмен стабилен 3 дня","Разработчик InSales (Liquid, интеграции)","3500","3","проект","3","I8","",""
"I10","Учёт: МойСклад и 1С","1С: проверка объёма","Выборочная сверка каждых 100 товаров после обмена","учёт в 1С","","","Разработчик InSales (Liquid, интеграции)","3500","0,2","100 товаров","2","I5","",""
"K1","Маркетплейсы","Подключение площадки","WB / Ozon / Яндекс Маркет / Мегамаркет к InSales: ключи API, склады, правила","продаёт на МП","ключи API","площадка в кабинете InSales","Ноукод-сборщик InSales","2400","1,5","шт.","2","S2","Возможности зависят от тарифа (Комбо) — сверять в Z2","Селлер"
"K2","Маркетплейсы","Импорт товаров с маркетплейса","Перенос карточек с площадки в каталог сайта: названия, фото, характеристики","сайта нет, товары на МП","кабинет МП","черновой каталог сайта","Ноукод-сборщик InSales","2400","2","проект","2","K1","Тексты МП заточены под площадку — нужна редактура","Селлер"
"K3","Маркетплейсы","Сопоставление и чистка карточек МП","Связать товары сайта и площадки, убрать дубли, перенести категории","продаёт на МП","","","Ноукод-сборщик InSales","2400","0,4","100 товаров","2","K1","","Селлер"
"K4","Маркетплейсы","Остатки и цены между каналами","Единые остатки, наценка/скидка для сайта, резерв","продаёт на МП","","продали на МП — уменьшилось на сайте","Ноукод-сборщик InSales","2400","1,5","проект","2","K3","","Селлер"
"K5","Маркетплейсы","Заказы с площадок в InSales","Приём заказов FBS в общий список, проверка","FBS-модель","","","Ноукод-сборщик InSales","2400","1","проект","2","K4","","Селлер"
"R1","CRM и коммуникации","Уведомления о заказах в Telegram","Бот или приложение: новый заказ — сообщение менеджеру","всегда полезно","","","Ноукод-сборщик InSales","2400","1","проект","1","","","Старт, Селлер, Бизнес"
"R2","CRM и коммуникации","Кнопки мессенджеров и онлайн-чат","Telegram, WhatsApp/MAX, виджет чата","по желанию","","","Ноукод-сборщик InSales","2400","0,5","проект","1","","","Старт, Селлер, Бизнес"
"R3","CRM и коммуникации","amoCRM / Битрикс24","Заказы и заявки в воронку, поля, ответственный","есть CRM","доступ к CRM","заказ создаёт сделку","Интегратор CRM","3000","3","проект","2","","",""
"R4","CRM и коммуникации","RetailCRM","Заказы, клиенты, статусы, товары — двусторонняя связь","RetailCRM","доступ","","Интегратор CRM","3000","8","проект","3","","",""
"R5","CRM и коммуникации","Телефония и колл-трекинг","Подмена номера, виджет звонка","по желанию","аккаунт сервиса","","Ноукод-сборщик InSales","2400","1","проект","1","","",""
"G1","Маркетинговые модули","Скидки, промокоды, бонусы","Встроенная бонусная программа, промокоды для блогеров, скидки от суммы","по желанию","правила","","Ноукод-сборщик InSales","2400","1,5","проект","1","","","Бизнес"
"G2","Маркетинговые модули","Рассылки и брошенная корзина","Приветственное письмо, брошенная корзина, подписка с согласием","есть база/повторы","","","Ноукод-сборщик InSales","2400","2","проект","1","","","Бизнес"
"G3","Маркетинговые модули","Отзывы о товарах","Модерация и вывод отзывов","по желанию","","","Ноукод-сборщик InSales","2400","0,5","проект","1","","",""
"G4","Маркетинговые модули","Подарочные сертификаты","Сертификаты как товар и способ оплаты","подарочная ниша","","","Ноукод-сборщик InSales","2400","1","проект","1","","",""
"X1","Перенос со старого сайта","Инвентаризация старого сайта","Обход всех URL, трафиковые страницы по Метрике/Вебмастеру","есть сайт с трафиком","доступы к Метрике и Вебмастеру","список URL с трафиком","Ноукод-сборщик InSales","2400","1,5","проект","2","","",""
"X2","Перенос со старого сайта","Выгрузка товаров со старого сайта","Экспорт CMS или парсинг, приведение к таблице InSales","нет нормального экспорта","доступ к админке","таблица импорта","Разработчик InSales (Liquid, интеграции)","3500","4","проект","3","X1","Парсинг нестабилен — оценивать после X1",""
"X3","Перенос со старого сайта","Перенос клиентов и заказов","Покупатели и история заказов (если важны бонусы и повторы)","база покупателей","выгрузка","","Ноукод-сборщик InSales","2400","2","проект","2","X1","",""
"X4","Перенос со старого сайта","Карта 301-редиректов: основа","Соответствие старых и новых адресов","есть сайт в поиске","","таблица редиректов","Ноукод-сборщик InSales","2400","1","проект","2","X1 C5","",""
"X4s","Перенос со старого сайта","Карта редиректов: объём","На каждые 100 старых URL","есть сайт в поиске","","","Ноукод-сборщик InSales","2400","0,1","100 товаров","1","X4","",""
"X5","Перенос со старого сайта","Редиректы и контроль индексации","Загрузка редиректов, проверка, контроль Вебмастера 2 недели","есть сайт в поиске","","нет 404 по старым адресам","Ноукод-сборщик InSales","2400","1,5","проект","2","X4","Падение позиций — главный страх. Снимать позиции до и после",""
"X6","Перенос со старого сайта","Перенос статьи или страницы","Текст, фото, мета-теги","есть блог/страницы","","","Ноукод-сборщик InSales","2400","0,3","шт.","1","","",""
"Q1","Тестирование, обучение, запуск","Сквозные тестовые заказы","Телефон и компьютер × каждый способ оплаты × каждый способ доставки, возврат","всегда","","протокол тестов","Ноукод-сборщик InSales","2400","1,5","проект","1","","","Экспресс, Старт, Селлер, Бизнес"
"Q2","Тестирование, обучение, запуск","Обучение ответственного","Библиотека видеоинструкций Emilius + созвон 45 минут с записью по вопросам клиента","всегда","","видео и ответы","Ноукод-сборщик InSales","2400","0,75","проект","1","","","Экспресс, Старт, Селлер, Бизнес"
"Q3","Тестирование, обучение, запуск","Памятка владельца","Заполнить шаблон: доступы, где что меняется, кому платить, что делать при сбое","всегда","","документ передачи","Ноукод-сборщик InSales","2400","0,5","проект","1","","","Старт, Селлер, Бизнес"
"Q4","Тестирование, обучение, запуск","Открытие магазина","Снять закрытие, проверить индексацию и счётчики","всегда","","магазин открыт","Ноукод-сборщик InSales","2400","0,5","проект","1","Q1","","Экспресс, Старт, Селлер, Бизнес"
