"id","этап","задача","подзадача","когда нужна","вход","результат","часы база","часы на ед.","единица","сложность","тариф","кто","пакеты","риски"
"S0.01","Этап 0. Диагностика и план","Диагностика","Разговор с владельцем по брифу","Всегда","Заполненная анкета","Запись разговора, уточнённый бриф","1.5","","","1","pm","ПРОД","SML","ЛПР не на встрече"
"S0.02","Этап 0. Диагностика и план","Диагностика","Разбор текущих каналов (карточки МП, соцсети, старый сайт)","Всегда","Ссылки на каналы","Список сильных/слабых мест, что переносить","1","","","1","pm","ПРОД","SML",""
"S0.03","Этап 0. Диагностика и план","Диагностика","Экономика канала: стоимость владения на 12 мес и порог окупаемости","Всегда","Средний чек, маржа, комиссии МП","Таблица «сколько заказов в месяц нужно, чтобы магазин окупался»","1","","","2","pm","ПРОД","SML","Клиент не знает свою маржу"
"S0.04","Этап 0. Диагностика и план","Диагностика","Выбор тарифа InSales и проверка нужных интеграций на нём","Всегда","Список интеграций","Тариф, приложения и их цена в месяц","0.5","","","1","pm","ПРОД","SML","Тарифы платформы меняются — сверять в день расчёта"
"S0.05","Этап 0. Диагностика и план","Диагностика","Подбор 2–3 шаблонов под ассортимент","Всегда","Ассортимент, референсы","Шорт-лист шаблонов с демо-ссылками","0.5","","","1","pm","ПРОД","SML",""
"S0.06","Этап 0. Диагностика и план","Диагностика","Смета, карта страниц и лист объёма (что входит / что нет)","Всегда","Всё выше","Смета из калькулятора, заказ к договору","1","","","1","pm","ПРОД","SML",""
"S0.07","Этап 0. Диагностика и план","Диагностика","План первых заказов: откуда придут первые 100 покупателей","Нет своей аудитории вне МП","Каналы, база, бюджет на рекламу","1 страница: источники, бюджет, ожидание","1","","","2","pm","ПРОД","","Нет бюджета на привлечение — магазин будет пустым"
"S0.08","Этап 0. Диагностика и план","Диагностика","Аудит 1С: конфигурация, версия, модуль обмена, кто 1С-ник","Учёт в 1С","Доступ к 1С или скриншоты","Вывод: стандартный обмен или доработка","1.5","","","2","dev","РАЗ","L","Самописная конфигурация"
"S1.01","Подготовка: аккаунт, тариф, домен, почта","Аккаунт","Создание магазина, тариф, доступ партнёра","Всегда","Почта и телефон владельца","Магазин на аккаунте клиента","0.5","","","1","nc","НК","SML","Магазин заведён на сотрудника — потом не передать"
"S1.02","Подготовка: аккаунт, тариф, домен, почта","Аккаунт","Общие настройки: реквизиты, валюта, единицы, номера заказов","Всегда","Реквизиты ИП/ООО","Заполненные настройки","0.5","","","1","nc","НК","SML",""
"S1.03","Подготовка: аккаунт, тариф, домен, почта","Домен","Подключение готового домена и SSL","Домен есть","Доступ к регистратору","Магазин открывается по своему адресу с https","0.5","","","1","nc","НК","SML","Доступ к регистратору у бывшего подрядчика"
"S1.04","Подготовка: аккаунт, тариф, домен, почта","Домен","Подбор и регистрация домена на клиента","Домена нет","Название бренда","Домен на имя клиента","0.75","","","1","nc","НК","SML","Домен зарегистрирован на подрядчика — запрещено"
"S1.05","Подготовка: аккаунт, тариф, домен, почта","Домен","Перенос домена со старого сайта (DNS, почта, поддомены)","Домен занят старым сайтом","Доступ к DNS","Записи перенесены без потери почты","1.5","","","2","nc","НК","","Падает корпоративная почта"
"S1.06","Подготовка: аккаунт, тариф, домен, почта","Почта","Почта на домене (Яндекс 360) и SPF/DKIM для писем магазина","Нужна почта на домене","Доступ к DNS","Письма о заказе не уходят в спам","1","","","1","nc","НК","ML",""
"S1.07","Подготовка: аккаунт, тариф, домен, почта","Аккаунт","Сотрудники и права доступа","Заказы обрабатывает не только владелец","Список сотрудников","Роли с ограниченными правами","0.25","0.1","staff","1","nc","НК","SML",""
"S2.01","Шаблон и дизайн","Шаблон","Установка шаблона и базовые настройки темы","Всегда","Выбранный шаблон (платный покупает клиент)","Тема установлена","1","","","1","nc","НК","SML",""
"S2.02","Шаблон и дизайн","Шаблон","Фирменный стиль в редакторе: логотип, цвета, шрифты, фавикон","Всегда","Логотип в векторе, цвета","Тема в цветах бренда","1","","","1","nc","НК","SML","Нет логотипа в векторе"
"S2.03","Шаблон и дизайн","Шаблон","Шапка, подвал и меню","Всегда","Карта страниц","Навигация","1","","","1","nc","НК","SML",""
"S2.04","Шаблон и дизайн","Шаблон","Главная из готовых блоков шаблона","Всегда","Тексты и фото для блоков","Главная собрана","0.25","0.25","homeBlocks","1","nc","НК","SML","Тексты приходят поздно"
"S2.05","Шаблон и дизайн","Шаблон","Баннеры для главной и акций (по брендбуку)","Нет готовых баннеров","Фото, офферы","Баннеры десктоп + мобильный","0","0.6","banners","1","nc","ДИЗ","SML","Нет качественных фото"
"S2.06","Шаблон и дизайн","Шаблон","Карточка товара: характеристики, вкладки, рекомендации","Всегда","Список характеристик","Карточка показывает всё нужное","1","","","1","nc","НК","SML",""
"S2.07","Шаблон и дизайн","Шаблон","Листинг категории: сортировка, вид, количество","Всегда","","Каталог удобно листать","0.5","","","1","nc","НК","SML",""
"S2.08","Шаблон и дизайн","Шаблон","Проверка и правки мобильной версии","Всегда","","Путь до заказа на телефоне без помех","1","","","1","nc","НК","SML",""
"S2.09","Шаблон и дизайн","Модификация шаблона","Точечные правки CSS (отступ, цвет, скрыть элемент)","Нужны правки вне редактора","Список правок со скриншотами","Правки в теме","0","0.3","cssFixes","1","dev","РАЗ","","Сброс при обновлении шаблона"
"S2.10","Шаблон и дизайн","Модификация шаблона","Свой блок или виджет (Liquid + JS)","Нужен блок, которого нет в шаблоне","Макет или референс","Блок в редакторе, управляется без кода","0","6","customBlocks","3","dev","РАЗ","","Конфликт со стилями темы"
"S2.11","Шаблон и дизайн","Модификация шаблона","Отдельный шаблон страницы (о бренде, акция, опт)","Нужна нетиповая страница","Макет","Шаблон страницы","0","5","customPages","2","dev","РАЗ","",""
"S2.12","Шаблон и дизайн","Дизайн","Макеты ключевых экранов в Figma (главная, каталог, карточка, мобильные)","Хотят заметно отойти от шаблона","Бренд, референсы","Макеты, по которым правится тема","14","","","2","nc","ДИЗ","","Дизайн уводит в кастомную разработку"
"S3.01","Структура каталога","Структура","Дерево категорий (до 3 уровней)","Всегда","Ассортимент","Согласованное дерево","0.5","0.03","categories","1","nc","НК","SML","Перекраивают структуру после импорта"
"S3.02","Структура каталога","Структура","Создание категорий, обложки, короткие описания","Всегда","Дерево, картинки","Категории на сайте","0","0.08","categories","1","nc","НК","SML",""
"S3.03","Структура каталога","Структура","Характеристики товаров для фильтров","Всегда","Список параметров","Параметры заведены","0.5","0.15","params","1","nc","НК","SML","Данные в разном написании («синий»/«Синий»)"
"S3.04","Структура каталога","Структура","Фильтры в каталоге","Больше 30 товаров","","Фильтры работают","1","","","1","nc","НК","SML",""
"S3.05","Структура каталога","Структура","Модификации (размер, цвет, объём) и правила выбора","Есть варианты товара","Таблица вариантов","Выбор варианта в карточке","1.5","","","2","nc","НК","SML","Варианты в МП и учёте названы по-разному"
"S3.06","Структура каталога","Структура","Подборки (новинки, хиты, сезон)","Всегда","Список товаров для подборок","Подборки на главной","0","0.3","collections","1","nc","НК","SML",""
"S3.07","Структура каталога","Структура","Сопутствующие и похожие товары","Больше 50 товаров","Правила связей","Блоки «С этим покупают»","1","","","1","nc","НК","ML",""
"S3.08","Структура каталога","Структура","Опт: типы цен, группы клиентов, минимальный заказ","Продают оптом","Оптовый прайс и условия","Оптовик видит свои цены после входа","3","","","2","nc","НК","","Сложные скидочные сетки не ложатся на штатный функционал"
"S4.01","Наполнение и импорт товаров","Импорт","Шаблон таблицы для импорта и инструкция клиенту","Импорт из Excel","","Таблица-образец","0.75","","","1","nc","КОН","SML",""
"S4.02","Наполнение и импорт товаров","Импорт","Импорт из Excel/CSV","Товары в таблице","Таблица по образцу","Товары на сайте","1.5","0.004","sku","1","nc","КОН","SML","Кривые данные"
"S4.03","Наполнение и импорт товаров","Импорт","Чистка данных: названия, единое написание, дубли","Данные «грязные»","Выгрузка клиента","Чистая таблица","1","0.02","sku","2","nc","КОН","","Объём больше оценки"
"S4.04","Наполнение и импорт товаров","Импорт","Импорт товаров с Wildberries/Ozon штатным инструментом InSales","Товары уже на маркетплейсе","API-ключ кабинета","Товары с фото и описаниями на сайте","1","0.003","sku","1","nc","НК","M","Описания МП с SEO-мусором"
"S4.05","Наполнение и импорт товаров","Импорт","Распределение импортированных товаров по категориям сайта","Импорт с МП или YML","Дерево категорий","Товары в нужных разделах","0.5","0.004","sku","1","nc","КОН","M",""
"S4.06","Наполнение и импорт товаров","Импорт","Импорт из YML-фида или выгрузки старого сайта","Есть старый сайт с фидом","Ссылка на фид","Товары на сайте","2","0.003","sku","2","nc","НК","","Фид неполный"
"S4.07","Наполнение и импорт товаров","Наполнение","Ручное заведение товаров","Нет таблицы (до ~60 товаров)","Фото и тексты по каждому товару","Товары на сайте","0","0.15","sku","1","nc","КОН","S","Материалы приходят частями"
"S4.08","Наполнение и импорт товаров","Контент","Обработка фото (кадрирование, фон, сжатие)","Фото разного формата (по запросу)","Исходники","Единый вид фото","0","0.04","photos","1","nc","КОН","",""
"S4.09","Наполнение и импорт товаров","Контент","Описания товаров (черновик с ИИ + редактура)","Нет описаний","Характеристики, фото","Описания без воды","0","0.12","skuToWrite","1","nc","КОН","","Фактические ошибки — проверка клиентом обязательна"
"S4.10","Наполнение и импорт товаров","Контент","Массовые мета-теги по шаблонам","Всегда","","У каждой страницы title/description","1","","","1","nc","SEO","SML",""
"S4.11","Наполнение и импорт товаров","Контроль","Выборочная проверка карточек (каждая 10-я)","Всегда","","Список ошибок исправлен","0.25","0.005","sku","1","nc","КОН","SML",""
"S5.01","Страницы и юридический минимум","Юридическое","Оферта, политика ПД, согласия, возврат — по шаблону с данными клиента","Всегда","Реквизиты, условия возврата","Страницы и ссылки в формах","1.5","","","1","nc","НК","SML","Не юридическая консультация — текст проверяет юрист клиента"
"S5.02","Страницы и юридический минимум","Юридическое","Согласия в формах и баннер cookie (152-ФЗ)","Всегда","","Чекбоксы и баннер","0.5","","","1","nc","НК","SML","Штрафы за ПД выросли в 2025 — не пропускать"
"S5.03","Страницы и юридический минимум","Юридическое","Памятка: уведомление РКН об обработке ПД (подаёт клиент)","Всегда","","Инструкция клиенту","0.25","","","1","nc","МП","SML",""
"S5.04","Страницы и юридический минимум","Страницы","Информационные страницы (о нас, контакты, доставка и оплата, FAQ)","Всегда","Тексты","Страницы","0","0.35","infoPages","1","nc","НК","SML","Тексты не готовы"
"S5.05","Страницы и юридический минимум","Страницы","Блог: структура и перенос статей","Есть статьи","Статьи","Блог со ссылками на товары","0.5","0.25","blogPosts","1","nc","КОН","",""
"S6.01","Оплата и касса","Оплата","Подключение платёжного сервиса (ЮKassa, CloudPayments, Т-Банк и др.)","Онлайн-оплата","Договор клиента с платёжным сервисом","Оплата картой и СБП","0","1","payProviders","1","nc","НК","SML","Модерация сервиса 3–10 дней — подавать заявку в первый день"
"S6.02","Оплата и касса","Оплата","Оплата при получении, счёт для юрлиц","Нужны офлайн-способы","","Способы в оформлении","0","0.4","offlinePay","1","nc","НК","SML",""
"S6.03","Оплата и касса","Касса","Чеки 54-ФЗ: облачная касса или чеки платёжного сервиса, НДС, предмет расчёта","Онлайн-оплата","Договор с ОФД/кассой","Чек приходит покупателю","1","","","2","nc","НК","SML","Не та ставка НДС в товарах"
"S6.04","Оплата и касса","Оплата","Рассрочка / оплата частями","Средний чек выше 5 000 ₽","Договор с сервисом","Кнопка «частями» в карточке","1.5","","","1","nc","НК","",""
"S7.01","Доставка","Доставка","Самовывоз: точки, часы, карта","Есть точки выдачи","Адреса","Самовывоз в оформлении","0.25","0.25","pickupPoints","1","nc","НК","SML",""
"S7.02","Доставка","Доставка","Курьер по городу: зоны и тарифы","Свой курьер","Зоны и цены","Расчёт по зонам","1","","","1","nc","НК","SML",""
"S7.03","Доставка","Доставка","Служба доставки (СДЭК, Почта, Boxberry, Яндекс): договор, ПВЗ, расчёт","Доставка по России","Договор клиента со службой","Покупатель видит цену и ПВЗ","0","1","carriers","2","nc","НК","SML","Нет веса и габаритов у товаров"
"S7.04","Доставка","Доставка","Вес и габариты массово","Служба считает по весу","Таблица весов","Расчёт доставки корректен","0.75","0.002","sku","1","nc","КОН","SML",""
"S7.05","Доставка","Доставка","Бесплатная доставка от суммы, ограничения по регионам","Есть правила","","Правила работают","0.5","","","1","nc","НК","SML",""
"S8.01","Заказы, клиенты, уведомления","Заказ","Оформление заказа: поля, обязательность, порядок шагов","Всегда","","Короткое оформление","1","","","1","nc","НК","SML",""
"S8.02","Заказы, клиенты, уведомления","Заказ","Статусы заказов под процесс клиента","Всегда","Как сейчас обрабатывают заказ","Статусы","0.5","","","1","nc","НК","SML",""
"S8.03","Заказы, клиенты, уведомления","Уведомления","Письма и SMS покупателю (6–8 шаблонов в стиле бренда)","Всегда","Логотип, тон","Покупатель получает понятные письма","1.5","","","1","nc","НК","SML",""
"S8.04","Заказы, клиенты, уведомления","Уведомления","Новые заказы в Telegram менеджеру","Всегда","Чат","Заказ виден за минуту","0.5","","","1","nc","НК","SML",""
"S8.05","Заказы, клиенты, уведомления","Клиенты","Личный кабинет и вход по телефону","Повторные покупки","","Покупатель видит историю","1","","","1","nc","НК","ML",""
"S8.06","Заказы, клиенты, уведомления","Маркетинг","Промокоды и скидки","Всегда","Механики","Промокод на первый заказ","0.5","","","1","nc","НК","SML",""
"S8.07","Заказы, клиенты, уведомления","Маркетинг","Бонусная программа (штатная InSales)","Повторные покупки","Правила начисления","Бонусы копятся и списываются","2","","","2","nc","НК","","Офлайн-бонусы в 1С не синхронны"
"S8.08","Заказы, клиенты, уведомления","Маркетинг","Брошенные корзины","Больше 30 товаров","","Письмо через 2 часа","1","","","1","nc","НК","ML",""
"S8.09","Заказы, клиенты, уведомления","Маркетинг","Отзывы о товарах (модерация, перенос с МП вручную)","Всегда","","Отзывы в карточке","0.5","","","1","nc","НК","ML","Автоматический перенос отзывов с МП не обещаем"
"S9.01","Маркетплейсы","Маркетплейсы","Подключение кабинета площадки по API","Синхронизация с МП","Ключи API","Кабинет подключён","0","0.5","mps","1","nc","НК","M","Нужен тариф «Селлер»/«Комбо»"
"S9.02","Маркетплейсы","Маркетплейсы","Сопоставление товаров сайт ↔ площадка (артикул, штрихкод)","Синхронизация с МП","Единые артикулы","Связка товаров","0","1","mps","2","nc","НК","M","Разные артикулы на разных площадках"
"S9.03","Маркетплейсы","Маркетплейсы","Ручное сопоставление несвязавшихся товаров","Артикулы не совпадают","","Связаны все товары","0","0.01","mpSku","1","nc","КОН","",""
"S9.04","Маркетплейсы","Маркетплейсы","Общие остатки: склады, резерв, правила списания","Синхронизация с МП","Схема складов (FBS/FBO)","Продали на МП — уменьшилось на сайте","0","1.5","mps","2","nc","НК","M","FBO-остатки на складе площадки не продаются с сайта"
"S9.05","Маркетплейсы","Маркетплейсы","Правила цен по каналам (наценка/скидка)","Разные цены на сайте и МП","Ценовая политика","Цены считаются сами","0","0.75","mps","1","nc","НК","M",""
"S9.06","Маркетплейсы","Маркетплейсы","Заказы с площадок в общую ленту заказов","Обрабатывают FBS-заказы в одном окне","","Все заказы в InSales","0","1.5","mps","2","nc","НК","M",""
"S9.07","Маркетплейсы","Маркетплейсы","Тест синхронизации: продажа на площадке → остаток на сайте","Синхронизация с МП","","Протокол теста","0","0.75","mps","1","nc","НК","M",""
"S9.08","Маркетплейсы","Маркетплейсы","Фид в Яндекс Товары / Маркет","Нужен бесплатный трафик из Яндекса","","Товары в Яндекс Товарах","1.5","","","1","nc","НК","ML","Модерация Яндекса"
"S10.01","Учёт: МойСклад и 1С","МойСклад","Установка приложения, авторизация, выбор складов","Учёт в МойСклад","Доступ администратора","Связь установлена","1","","","1","dev","РАЗ","L",""
"S10.02","Учёт: МойСклад и 1С","МойСклад","Товары и модификации: сопоставление и первичная синхронизация","Учёт в МойСклад","","Каталог совпадает","2","0.002","sku","2","dev","РАЗ","L","Дубли товаров"
"S10.03","Учёт: МойСклад и 1С","МойСклад","Остатки и типы цен","Учёт в МойСклад","","Цены и остатки из учёта","1.5","","","1","dev","РАЗ","L",""
"S10.04","Учёт: МойСклад и 1С","МойСклад","Заказы в МойСклад и статусы обратно","Учёт в МойСклад","Схема статусов","Заказ сайта появляется в учёте","2","","","2","dev","РАЗ","L",""
"S10.05","Учёт: МойСклад и 1С","МойСклад","Тест обмена и исправления","Учёт в МойСклад","","Протокол теста","2","","","2","dev","РАЗ","L",""
"S10.10","Учёт: МойСклад и 1С","1С","Формат обмена (CommerceML), карта полей, свойства, характеристики","Учёт в 1С","Итог аудита 1С","Согласованная карта полей","2","","","2","dev","РАЗ","L","Свойства в 1С заведены хаотично"
"S10.11","Учёт: МойСклад и 1С","1С","Номенклатура и группы → каталог сайта","Учёт в 1С","Выгрузка из 1С","Товары приходят из 1С","3","0.001","sku","3","dev","РАЗ","L","Группы 1С ≠ категории сайта"
"S10.12","Учёт: МойСклад и 1С","1С","Характеристики номенклатуры → модификации","Учёт в 1С и есть варианты","","Модификации из 1С","2","","","3","dev","РАЗ","L",""
"S10.13","Учёт: МойСклад и 1С","1С","Цены (типы цен) и остатки (склады)","Учёт в 1С","","Цены и остатки из 1С","1.5","","","2","dev","РАЗ","L",""
"S10.14","Учёт: МойСклад и 1С","1С","Заказы сайта в 1С и статусы обратно","Заказы обрабатывают в 1С","Схема статусов","Заказ появляется в 1С","3","","","3","dev","РАЗ","L","Нужна доработка 1С на стороне клиента"
"S10.15","Учёт: МойСклад и 1С","1С","Контрагенты (покупатели) в 1С","Нужны карточки покупателей в 1С","","","1.5","","","2","dev","РАЗ","",""
"S10.16","Учёт: МойСклад и 1С","1С","Тестовые циклы обмена и исправления","Учёт в 1С","1С-ник клиента на связи","Обмен по расписанию без ошибок","3","","","3","dev","РАЗ","L","Работы на стороне 1С делает 1С-ник клиента — в смету не входят"
"S11.01","CRM и коммуникации","CRM","amoCRM или Битрикс24: заказы и заявки в воронку","Продажи ведут в CRM","Доступ к CRM, воронка","Сделка на каждый заказ","4","","","2","dev","РАЗ","","Платный виджет интеграции"
"S11.02","CRM и коммуникации","CRM","RetailCRM: заказы, клиенты, статусы, остатки","Нужна торговая CRM","Доступ","Двусторонний обмен","8","","","3","dev","РАЗ","",""
"S11.03","CRM и коммуникации","Коммуникации","Кнопки мессенджеров и онлайн-чат","Всегда","Ссылки","Кнопки на сайте","0.5","","","1","nc","НК","SML",""
"S11.04","CRM и коммуникации","Коммуникации","Телефония / коллтрекинг (виджет)","Продают по телефону","Аккаунт телефонии","Звонки с источником","1.5","","","1","nc","НК","",""
"S11.05","CRM и коммуникации","Email","Сервис рассылок, выгрузка базы с согласиями, приветственная цепочка из 3 писем","Есть база или повторные покупки","База с согласиями","Цепочка запущена","4","","","2","nc","НК","","База без согласий — использовать нельзя"
"S12.01","Аналитика","Аналитика","Яндекс Метрика: счётчик, вебвизор, цели (корзина, оформление, заказ, формы)","Всегда","Доступ к Яндекс ID клиента","Цели считаются","1","","","1","nc","АН","SML","Счётчик на аккаунте подрядчика — запрещено"
"S12.02","Аналитика","Аналитика","Электронная коммерция в Метрике (товары, выручка)","Планируют рекламу","","Выручка по источникам","1.5","","","2","nc","АН","ML",""
"S12.03","Аналитика","Аналитика","Вебмастер: подтверждение прав, sitemap, регион","Всегда","","Сайт в Вебмастере","0.5","","","1","nc","SEO","SML",""
"S12.04","Аналитика","Аналитика","Схема UTM-меток для соцсетей, рассылок и вкладышей","Всегда","Список каналов","Таблица меток","0.5","","","1","nc","АН","ML",""
"S12.05","Аналитика","Аналитика","Пиксели рекламы (Директ, VK)","Будут запускать рекламу","Кабинеты","Аудитории для ретаргета копятся","1","","","1","nc","АН","",""
"S12.06","Аналитика","Аналитика","Дашборд «заказы, выручка, источники» (DataLens)","Нужен отчёт для собственника","","Дашборд","4","","","2","nc","АН","",""
"S13.01","SEO","SEO","Базовое SEO: robots, sitemap, ЧПУ, H1, alt, каноникалы, микроразметка","Всегда","","Нет технических ошибок индексации","1.5","","","1","nc","SEO","SML",""
"S13.02","SEO","SEO","Семантика и структура категорий под спрос","SEO — один из основных каналов","Конкуренты, регион","Ядро и структура","6","0.3","categories","2","nc","SEO","",""
"S13.03","SEO","SEO","Тексты категорий","После семантики","Ядро","Тексты на страницах","0","0.5","seoTexts","1","nc","SEO","",""
"S13.04","SEO","SEO","Скорость: вес картинок, лишние скрипты","Всегда","","Мобильная скорость не хуже шаблона","0.5","","","1","nc","НК","SML",""
"S14.01","Переезд со старого сайта","Переезд","Выгрузка всех адресов старого сайта и трафика по ним","Есть старый сайт с трафиком","Доступ к Метрике/Вебмастеру","Список URL с трафиком","1","0.002","urls","1","nc","SEO","",""
"S14.02","Переезд со старого сайта","Переезд","Карта 301-редиректов","Есть старый сайт с трафиком","Список URL","Редиректы загружены","1","0.01","urls","2","nc","SEO","","Потеря позиций при пропуске страниц"
"S14.03","Переезд со старого сайта","Переезд","Перенос базы покупателей","Есть база","Выгрузка","Клиенты в InSales","1.5","","","1","nc","НК","","Согласия на рассылку"
"S14.04","Переезд со старого сайта","Переезд","Перенос истории заказов","Нужна история","Выгрузка","Заказы в архиве","3","","","2","dev","РАЗ","",""
"S14.05","Переезд со старого сайта","Переезд","Переключение домена и контроль индексации 2 недели","Переезд","","Отчёт: страницы в индексе, ошибки","2","","","2","nc","SEO","",""
"S15.01","Тестирование и запуск","Тест","Чек-лист запуска (≈60 пунктов) на компьютере и телефоне","Всегда","","Заполненный чек-лист","1.5","","","1","nc","НК","SML",""
"S15.02","Тестирование и запуск","Тест","Тестовые заказы: каждая пара «оплата × доставка»","Всегда","","Протокол: заказ, оплата, чек, письмо, статус","0","0.3","testCombos","1","nc","НК","SML",""
"S15.03","Тестирование и запуск","Тест","Исправление найденного","Всегда (8% от настройки)","","","0","1","fixReserve","1","nc","НК","SML",""
"S15.04","Тестирование и запуск","Запуск","Открытие магазина: снять закрытие, индексация, проверка писем","Всегда","Подтверждение клиента","Магазин открыт","0.75","","","1","nc","НК","SML",""
"S16.01","Передача и обучение","Передача","Обучение сотрудника по видеосвязи с записью","Всегда","Сотрудник на связи","Запись 60–90 минут","1","","","1","nc","НК","SML",""
"S16.02","Передача и обучение","Передача","Инструкция: принять заказ, добавить товар, сменить баннер","Всегда","","Документ 3–5 страниц","1","","","1","nc","НК","SML",""
"S16.03","Передача и обучение","Передача","Передача доступов и список «что дальше»","Всегда","","Все доступы на клиенте, бэклог улучшений","0.5","","","1","nc","МП","SML",""
"S17.01","После запуска","После запуска","Разбор первых 30 дней: заказы, источники, воронка, 5 улучшений","Всегда","Метрика, заказы","Созвон и список следующих шагов","2","","","1","pm","ПРОД","ML",""
