id,module,title,what,when,input,result,role,base,per,unit,level,deps,risks,variants,rate
D01,M0,Созвон-диагностика,"Разговор 45–60 мин по брифу: каналы, товары, учёт, бюджет, кто будет вести заказы",Всегда,"Заполненный бриф, ссылки на WB/Ozon/соцсети","Заметки созвона, класс проекта",PM,1,0,,1,,,,2500
D02,M0,Разбор текущих продаж,"Смотрим карточки на маркетплейсах, соцсети, старый сайт: что продаётся, сколько SKU, есть ли повторы и бренд",Всегда,"Ссылки, по желанию отчёт продаж",Короткий вывод: есть ли источник заказов для своего магазина,PM,1,0,,2,,,,2500
D03,M0,Проверка платформы под задачу,"Подбираем тариф InSales, проверяем, что нужные интеграции есть на этом тарифе и в приложениях",Всегда,"Список систем клиента (1С, МойСклад, CRM, доставка)","Тариф, список приложений и их стоимость",DEV,1,0,,2,,Интеграция платная или есть только на старшем тарифе — меняет смету владения,,3000
D04,M0,Подбор шаблона,"2–3 подходящие темы InSales с объяснением, почему они",Всегда,"Референсы, фирменный стиль",Выбранная тема,DES,1,0,,1,,,Бесплатная тема · платная тема (покупает клиент),2500
D05,M0,Структура сайта и каталога,"Черновик дерева категорий, меню, список страниц",Всегда,Ассортимент,Схема каталога и страниц,PM,1,0,,2,,,,2500
D06,M0,Смета запуска и владения на 12 мес,"Цена работ по конструктору + подписка, приложения, эквайринг, касса, доставка, реклама",Всегда,—,КП с фиксированным объёмом и сметой владения,PM,1,0,,2,,,,2500
P01,M1,Аккаунт и доступы,"Магазин регистрируется на клиента, агентству — доступ сотрудника; домен и аккаунты на клиенте",Всегда,Почта и телефон владельца,"Аккаунт InSales на клиенте, доступ агентства",CFG,0.5,0,,1,,Аккаунт на агентстве = страх клиента «заберут магазин». Не делать,,1800
P02,M1,Базовые настройки магазина,"Реквизиты, регион, валюта, единицы, уведомления, письма покупателю, статусы заказов",Всегда,"Реквизиты, контакты",Магазин принимает заказ и отправляет письма,CFG,1.5,0,,1,,,,1800
P03,M1,Домен и SSL,"Подключение домена клиента, SSL, www/без www, проверка",Всегда,Доступ к регистратору или NS,Магазин открывается по домену с https,DEV,1,0,,1,,Домен у бывшего подрядчика — может затянуть запуск на дни,Есть домен · покупаем новый на клиента,3000
P04,M1,Почта на домене,"Настройка почты (Яндекс 360 / Mail) и SPF/DKIM, чтобы письма магазина не падали в спам",Если нужна почта info@домен,Доступ к DNS,"Рабочая почта, письма магазина доходят",DEV,1,0,,1,,,,3000
P05,M1,Сотрудники и права,Учётки для сотрудников с ограничением прав,Если заказы ведёт не владелец,Список сотрудников,Учётки с правами,CFG,0.25,0.1,сотрудник,1,,,,1800
T01,M2,Брендирование темы,"Логотип, фавикон, цвета, шрифты, кнопки — через настройки темы",Всегда,"Логотип в векторе, цвета",Магазин в фирменном стиле,DES,1.5,0,,1,,,,2500
T02,M2,"Шапка, меню, подвал","Меню из структуры каталога, контакты, мессенджеры, ссылки на документы",Всегда,—,Навигация готова,CFG,1.5,0,,1,D05,,,1800
T03,M2,Главная из блоков шаблона,"Собираем главную из готовых блоков темы: баннер, категории, хиты, преимущества, отзывы",Всегда,"Тексты преимуществ, фото",Главная страница,DES,0.5,0.3,блок,1,T01,,,2500
T04,M2,Баннеры,Баннеры для главной и категорий по фото клиента (десктоп + мобильный),Если нет готовых баннеров,Фото товаров/лайфстайл,Комплект баннеров,DES,0,0.75,баннер,1,,,,2500
T05,M2,Шаблоны карточки и каталога,"Настройки отображения: фото, варианты, характеристики, похожие товары, бейджи",Всегда,—,Удобная карточка товара,CFG,1,0,,1,C03,,,1800
T06,M2,Проверка мобильной версии,"Проходим все типы страниц на 2 телефонах, правим настройки темы",Всегда,—,Мобильная версия без проблем,QA,1,0,,1,,,,1500
C01,M3,Дерево категорий,"Создание категорий, ЧПУ, порядок, обложки",Всегда,Структура из D05,Категории в админке,CFG,0.5,0.08,категория,1,D05,,,1800
C02,M3,Характеристики и фильтры,"Свойства товаров и фильтры в категориях (размер, материал, бренд)",Если больше 30 SKU,Список характеристик,Работающие фильтры,CFG,0.5,0.15,характеристика,2,,,,1800
C03,M3,Модификации (варианты),"Настройка параметров вариантов: размер, цвет, фасовка",Если у товаров есть варианты,Таблица вариантов,Варианты выбираются в карточке,CFG,1,0,,2,,,,1800
C04,M3,Шаблон файла импорта,"Готовим таблицу под формат InSales и инструкцию, как её заполнить",Если товары переносятся файлом,—,Шаблон Excel/CSV,CFG,1,0,,1,,,,1800
C05,M3,Импорт из файла,"Чистим и загружаем товары из Excel/CSV клиента, сопоставляем категории",Есть таблица товаров,"Файл товаров, фото",Товары в магазине,CFG,1,0.003,SKU,2,"C01, C02, C04","Грязный файл: дубли, разные единицы, нет артикулов — коэффициент качества данных",,1800
C06,M3,Импорт с WB/Ozon,"Забираем карточки с маркетплейса (выгрузка или приложение), чистим описания, раскладываем по категориям",Товары есть на маркетплейсе,Доступ к ЛК селлера или выгрузка,Товары с фото и описаниями,CFG,2,0.004,SKU,2,C01,Фото с инфографикой маркетплейса не подходят для сайта; описания под алгоритм МП,Выгрузка Excel из ЛК · приложение/сервис импорта,1800
C07,M3,Ручное заведение карточек,"Создаём карточку вручную: название, цена, фото, описание, характеристики","Нет файла, товаров мало",Фото и данные по товарам,Карточки в магазине,CFG,0,0.2,SKU,1,,,,1800
C08,M3,Обработка фото,"Обрезка, единый формат и фон, сжатие",Фото разного формата или с инфографикой МП,Исходные фото,Фото для сайта,CFG,0,0.05,фото,1,,,,1800
C09,M3,Подборки на витрине,"Хиты, новинки, распродажа, сопутствующие товары",Всегда,Какие товары продвигать,Подборки на главной и в карточках,CFG,0.5,0,,1,,,,1800
C10,M3,Проверка каталога,"Выборочная проверка 10% карточек: цены, остатки, фото, фильтры, варианты",Всегда,—,Акт проверки каталога,QA,0.5,0.002,SKU,1,C05/C06/C07,,,1500
C11,M3,Тексты карточек (ИИ + редактура),"Переписываем описания под сайт и поиск, редактор проверяет",Описания скопированы с МП или пустые,Список приоритетных товаров,Описания для сайта,SEO,0.5,0.05,SKU,2,,,,2500
S01,M4,Юридические страницы,"Оферта, политика обработки ПДн, согласие на обработку, возврат — из шаблонов с реквизитами клиента",Всегда,"Реквизиты, условия возврата",Страницы и галочки согласия в формах,CFG,1,0,,1,,"Это шаблоны, не юридическая консультация. Проверку юристом — клиент",Шаблоны агентства · тексты юриста клиента,1800
S02,M4,"Доставка, оплата, контакты, о нас",Инфостраницы по данным клиента,Всегда,"Условия доставки и оплаты, адрес",4 страницы,CFG,1,0,,1,,,,1800
S03,M4,Дополнительная страница,"Страница из блоков шаблона (опт, бренд, таблица размеров, FAQ)",По запросу,Текст и фото,Страница,CFG,0,1,страница,1,,,,1800
S04,M4,Тексты страниц,Пишем тексты для главной и инфостраниц,Нет готовых текстов,Интервью 30 мин,Тексты,SEO,0,1.5,страница,1,,,,2500
S05,M4,Cookie и согласия 152-ФЗ,"Баннер cookie, согласия в формах, уведомление Роскомнадзора — чек-лист клиенту",Всегда,—,"Формы с согласием, чек-лист РКН",CFG,0.5,0,,1,,,,1800
PAY1,M5,Онлайн-оплата,"Подключение эквайринга (ЮKassa, Т-Банк, СБП и др.) в InSales","Всегда, если нужна предоплата",Договор клиента с банком/агрегатором,Оплата картой и СБП,DEV,1.5,0.5,доп. способ,1,,Банк одобряет 3–10 рабочих дней — подавать заявку в первую неделю,,3000
PAY2,M5,Онлайн-касса 54-ФЗ,"Подключение облачной кассы или кассы агрегатора, проверка чека",Юрлицо/ИП принимает оплату онлайн,Договор с ОФД/кассой,Чеки уходят покупателю,DEV,1,0,,2,,,,3000
PAY3,M5,Оплата при получении и счёт,"Наложенный платёж, счёт для юрлиц",По запросу,—,Доп. способы оплаты,CFG,0.5,0,,1,,,,1800
PAY4,M5,Тест платежа и возврата,Реальный платёж малой суммой и возврат,Всегда,—,"Подтверждение, что деньги доходят",QA,0.5,0,,1,PAY1,,,1500
DL1,M6,Свои способы доставки,"Самовывоз, свой курьер, зоны и стоимость",Всегда,Условия доставки,Способы доставки в чекауте,CFG,0.5,0,,1,,,,1800
DL2,M6,Служба доставки,"СДЭК / Почта / Boxberry / Яндекс Доставка: подключение, расчёт стоимости, ПВЗ на карте",Отправка по России,"Договор со службой, ключи API",Расчёт и ПВЗ в чекауте,DEV,0,1.5,служба,2,,Нет веса и габаритов в товарах — расчёт неверный (см. DL3),,3000
DL3,M6,Вес и габариты товаров,Проверяем и проставляем вес/габариты массово,Есть служба доставки,Вес/габариты в таблице,Корректный расчёт доставки,CFG,0.5,0.002,SKU,1,DL2,,,1800
DL4,M6,Тест доставки по регионам,"Оформление в 3 регионах, сверка стоимости",Всегда,—,Проверенный расчёт,QA,0.5,0,,1,,,,1500
A01,M7,Яндекс Метрика и цели,"Счётчик, вебвизор, цели: корзина, оформление, заказ, клики по мессенджерам",Всегда,Доступ к Яндекс ID клиента,Метрика с целями,SEO,1,0,,1,,,,2500
A02,M7,Электронная коммерция в Метрике,"Передача товаров, корзины и покупок, проверка данных",Всегда (входит в базу),—,Отчёты по товарам и выручке,SEO,0.5,0,,1,A01,,,2500
A03,M7,"Вебмастер, sitemap, robots","Подтверждение прав, карта сайта, robots, регион",Всегда,—,Сайт в Вебмастере,SEO,0.5,0,,1,,,,2500
A04,M7,Базовое SEO-шаблоны,"Шаблоны title/description/H1 для категорий и товаров, ЧПУ",Всегда,—,Метатеги на всём каталоге,SEO,1,0,,1,,,,2500
A05,M7,Яндекс Бизнес и Карты,"Карточка организации, связь с сайтом",Есть офлайн-точка,"Адрес, фото",Карточка на Картах,SEO,1,0,,1,,,,2500
A06,M7,Пиксели рекламы,"VK Реклама / Top@Mail.ru, цели под рекламу",Будет реклама,Доступ к кабинетам,Пиксели с событиями,SEO,1,0,,1,,,,2500
A07,M7,Семантика и SEO-структура,"Сбор ядра по категориям, посадочные под запросы, ТЗ на тексты",SEO — канал привлечения,"Ниша, регионы",Семантика и структура,SEO,6,0.5,кластер,3,,,,2500
MP1,M8,Подключение маркетплейса,"Подключение WB/Ozon/Я.Маркета в InSales (раздел «Маркетплейсы», тариф с маркетплейсами)",Продаёт на МП и хочет единые остатки,API-ключи ЛК селлера,Магазин видит товары МП,DEV,1.5,1,доп. площадка,2,D03,Функция зависит от тарифа InSales — проверить на D03,,3000
MP2,M8,Сопоставление товаров,"Связываем карточки сайта и МП по артикулам, разбираем расхождения",Есть MP1,Артикулы совпадают или таблица соответствия,Связанный каталог,CFG,1,0.005,SKU,2,,Разные артикулы на сайте и МП — ручная работа растёт,,1800
MP3,M8,Правила остатков и цен,"Какой склад для какого канала, резерв, наценки/скидки по каналам",Есть MP1,Решение владельца по ценам,Остатки и цены синхронизируются,DEV,1.5,0,,2,,,,3000
MP4,M8,Тест синхронизации,Заказ на сайте → остаток на МП и обратно,Есть MP1,—,Проверенная синхронизация,QA,1,0,,1,,,,1500
MS1,M9,МойСклад: подключение,"Приложение МойСклад, выбор склада и типов цен",Учёт в МойСклад,Доступ к МойСклад,Связь настроена,DEV,1,0,,1,,,,3000
MS2,M9,"МойСклад: товары, цены, остатки",Выгрузка товаров и обновление остатков/цен по расписанию,Есть MS1,—,Остатки на сайте из МойСклад,DEV,2,0.002,SKU,2,,,,3000
MS3,M9,МойСклад: заказы,Заказы с сайта уходят в МойСклад со статусами,Есть MS1,Статусы заказов,Заказы в МойСклад,DEV,1,0,,1,,,,3000
MS4,M9,МойСклад: тест,"Сквозной тест: товар, цена, остаток, заказ, отмена",Есть MS1,—,Акт теста,QA,1,0,,1,,,,1500
1C1,M9,1С: аудит конфигурации,"Определяем конфигурацию (УТ, Розница, УНФ, КА), версию, модуль обмена, кто программист 1С",Учёт в 1С,Контакт программиста 1С клиента,Схема обмена и план,DEV,2,0,,3,,Самописная или сильно доработанная 1С — оценка только после аудита,,3000
1C2,M9,1С: товары и характеристики,"Обмен CommerceML: номенклатура, группы, характеристики → категории и варианты",Есть 1C1,Настроенный узел обмена на стороне 1С,Товары из 1С на сайте,DEV,4,0,,3,,Характеристики в 1С не совпадают с вариантами на сайте — +2–6 ч,,3000
1C3,M9,1С: цены и остатки,"Типы цен, склады, расписание обмена",Есть 1C2,—,Цены и остатки из 1С,DEV,2,0,,2,,,,3000
1C4,M9,1С: заказы и клиенты,"Выгрузка заказов и контрагентов в 1С, статусы обратно",Нужно вести заказы в 1С,—,Заказы в 1С,DEV,3,0,,3,,,,3000
1C5,M9,1С: тест и отладка,"Полный цикл обмена, разбор ошибок, инструкция",Есть 1C2,—,"Стабильный обмен, инструкция",DEV,3,0,,3,,,,3000
CR1,M10,CRM: amoCRM / Битрикс24,"Заказы и заявки в воронку, поля, ответственные",Отдел продаж в CRM,Доступ к CRM,Заказы попадают в CRM,DEV,3,0,,2,,,,3000
CR2,M10,Мессенджеры и чат,"Кнопки Telegram/WhatsApp/MAX, онлайн-чат или виджет",По запросу,Контакты,Связь с магазином в 1 клик,CFG,0.5,0,,1,,,,1800
CR3,M10,Телефония,"Виджет обратного звонка, коллтрекинг",Есть звонки,Аккаунт телефонии,Звонки отслеживаются,DEV,2,0,,2,,,,3000
CR4,M10,Email: брошенная корзина и письма,"Рассылка (встроенная InSales или сервис), письмо брошенной корзины, приветственная серия",Есть база или повторные покупки,"Логотип, тон",Автописьма работают,CFG,3,0,,2,,,,1800
CR5,M10,Бонусы и промокоды,"Встроенная бонусная программа InSales, промокоды для первого заказа",Повторные покупки,Механика,Бонусы работают,CFG,1.5,0,,1,,,,1800
CR6,M10,Отзывы на товары,"Включаем отзывы, модерация, перенос отзывов при наличии",По запросу,—,Отзывы в карточках,CFG,0.5,0,,1,,,,1800
X1,M11,Малая правка шаблона,"Правка CSS/Liquid в одном блоке: отступы, порядок, вывод поля",Настройки темы не позволяют,Пример/скрин,Правка,DEV,0,1.5,правка,2,,Правки кода отключают автообновления темы — фиксируем в паспорте магазина,,3000
X2,M11,Новый блок/виджет,"Новый блок на Liquid/JS по макету (калькулятор, таблица размеров, конструктор)",Нужна нестандартная функция,Описание или макет,Блок,DEV,0,8,блок,3,,,,3000
X3,M11,Макет и вёрстка страницы,Дизайн-макет и вёрстка уникальной страницы,Нужен уникальный лендинг/раздел,"Задача, контент",Страница,DES,0,16,страница,3,,,,2500
MG1,M12,Выгрузка со старого сайта,"Забираем товары, клиентов, заказы (если возможно)",Есть старый сайт,Доступ к старой CMS,Файлы для импорта,DEV,3,0,,2,,Старый подрядчик не даёт доступ; нестандартная CMS,,3000
MG2,M12,Карта URL и 301-редиректы,"Сопоставляем старые адреса с новыми, загружаем редиректы",Старый сайт в поиске,Список URL / sitemap,Редиректы,SEO,1.5,0.01,URL,2,,,,2500
MG3,M12,Перенос страниц,Перенос текстов и фото инфостраниц и статей,Есть контент,—,Страницы на новом сайте,CFG,0,0.5,страница,1,,,,1800
MG4,M12,Контроль индексации,Снимок позиций и страниц в индексе до и через 2–4 недели после,Старый сайт в поиске,Доступ к Метрике/Вебмастеру,Отчёт до/после,SEO,2,0,,2,,,,2500
Q1,M13,Сквозной тест по чек-листу,"40 проверок: каталог, поиск, корзина, оформление, оплата, письма, мобильная версия",Всегда,—,Заполненный чек-лист,QA,2,0,,1,,,,1500
Q2,M13,Тестовые заказы,"3 сценария на телефоне: оплата картой, при получении, доставка в регион",Всегда,—,Заказы дошли до админки и почты,QA,1,0,,1,,,,1500
Q3,M13,Исправления по тесту,Правки найденного,Всегда,—,Чек-лист зелёный,CFG,1.5,0,,1,,,,1800
L1,M13,Открытие магазина,"Снимаем закрытие, проверяем домен, отправляем в индексацию",Всегда,Согласие клиента,Магазин открыт,DEV,0.5,0,,1,,,,3000
L2,M13,Обучение,"Созвон 60 мин с записью: заказы, товары, остатки, статусы, возвраты",Всегда,Ответственный за заказы,Ответственный умеет работать с магазином,PM,1,0,,1,,,,2500
L3,M13,Паспорт магазина,"Документ: доступы, приложения и их цены, что настроено, что в коде, что дальше",Всегда,—,Паспорт магазина,PM,0.5,0,,1,,,,2500
AF1,M14,Гарантия 60 дней,Исправляем наши ошибки бесплатно 60 дней после акта (как в рамочном договоре),Всегда (входит),—,—,CFG,0,0,,1,,,,1800
AF2,M14,Отчёт первых 30 дней,"Метрика, заказы, где теряются покупатели, 3–5 следующих шагов","Апсейл, рекомендуем",Доступ к Метрике,Отчёт и план второй итерации,SEO,3,0,,2,,,,2500
AF3,M14,Абонемент поддержки,Пакет часов в месяц на правки и развитие,Апсейл,—,Правки в срок,CFG,0,1,час,1,,,,1800
