id;модуль;задача;вариант;когда_нужна;вход;результат;роль;единица;база_ч;за_ед_ч;сложность;зависит;риски
D01;0 Диагностика;Созвон-диагностика;45–60 мин;всегда;заявка, ответы брифа;понятны цель, каналы, ограничения;PR;проект;1;0;1;;клиент не готов назвать цифры
D02;0 Диагностика;Разбор текущих каналов;МП-кабинет, соцсети, старый сайт;всегда;ссылки, доступ на чтение;список того, что переносим и что нет;PR;проект;1.5;0;1;D01;нет доступа к отчётам МП
D03;0 Диагностика;Экономика канала и смета владения на 12 мес;3 сценария: не делать / витрина / магазин;всегда;средний чек, маржа, повторы, бюджет на рекламу;таблица затрат и точка безубыточности;PR;проект;1.5;0;2;D02;цифры клиента приблизительные
D04;0 Диагностика;Выбор тарифа InSales и приложений;;всегда;список интеграций;тариф и список приложений с ценами;NC;проект;0.5;0;1;D01;тарифы меняются — сверять в день сметы
D05;0 Диагностика;Подбор темы;2–3 темы под каталог и бренд;всегда;референсы клиента;выбранная тема;NC;проект;1;0;1;D01;
D06;0 Диагностика;Структура каталога и карта страниц;черновик;всегда;ассортимент;дерево категорий и список страниц;NC;проект;1.5;0;1;D02;
D07;0 Диагностика;Смета и план работ;документ по шаблону;всегда;D01–D06;смета с коридором, график, список материалов;PR;проект;1;0;1;D03,D04,D05,D06;
P01;1 Платформа;Аккаунт и доступы;аккаунт оформлен на клиента;всегда;данные клиента;владелец — клиент, у нас роль сотрудника;NC;проект;0.5;0;1;;аккаунт на агентстве — риск конфликта
P02;1 Платформа;Тариф, сотрудники и права;;всегда;P01;роли сотрудников клиента;NC;проект;0.5;0;1;P01;
P03;1 Платформа;Основные настройки магазина;реквизиты, валюта, часовой пояс, статусы заказов;всегда;реквизиты;магазин готов принимать заказы;NC;проект;1.5;0;1;P01;
P04;1 Платформа;Подключение домена и SSL;существующий или новый домен;всегда;доступ к регистратору;сайт открывается по https на своём домене;NC;проект;0.75;0;2;P01;DNS обновляется до 24 ч; доступ к регистратору потерян
P05;1 Платформа;Почта на домене;Яндекс 360 / Mail.ru для бизнеса;опция;P04;почта info@ работает, SPF/DKIM;NC;проект;1;0;1;P04;
P06;1 Платформа;Уведомления о заказах;письма покупателю и менеджеру, Telegram;всегда;тексты/тон;шаблоны писем на русском под бренд;NC;проект;1;0;1;P03;
T01;2 Тема;Установка темы;бесплатная или платная;всегда;D05;тема в магазине;NC;проект;0.25;0;1;D05;платная тема — отдельная оплата клиентом
T02;2 Тема;Фирменный стиль в редакторе темы;цвета, шрифты, логотип, фавикон;всегда;логотип в векторе;тема в цветах бренда;NC;проект;2;0;1;T01;нет логотипа в хорошем качестве
T03;2 Тема;Главная страница из блоков;баннеры, подборки, преимущества, отзывы;всегда;тексты, фото;главная собрана;NC;проект;3;0;2;T02,C02;нет фото и текстов — главная пустая
T04;2 Тема;Шапка, подвал, меню;;всегда;D06;навигация;NC;проект;1.5;0;1;T02,C02;
T05;2 Тема;Карточка товара и листинг;блоки, фильтры, бейджи;всегда;C03;карточка и каталог настроены;NC;проект;2;0;1;T02,C03;
T06;2 Тема;Проверка и правки мобильной версии;;всегда;T03–T05;телефон без поломок;NC;проект;1.5;0;1;T05;
T07;2 Тема;Баннеры и графика;адаптация фото клиента;по числу баннеров;фото, тексты;баннер под десктоп и телефон;DS;шт;0;0.75;1;T02;нет исходных фото
T08;2 Тема;Модификация шаблона — малая;CSS, перенос/скрытие элемента, правка блока;по запросу;описание задачи;правка без поломки обновлений;DEV;шт;0;2;2;T01;правки кода блокируют обновления темы
T09;2 Тема;Модификация шаблона — средняя;новый блок/виджет на Liquid и JS;по запросу;ТЗ на блок;блок в теме;DEV;шт;0;6;3;T01;
T10;2 Тема;Модификация шаблона — крупная;нестандартная логика, калькуляторы, конструкторы;по запросу;ТЗ;оценивается отдельно после ТЗ;DEV;шт;0;16;3;T01;выход за рамки шаблонного проекта
T11;2 Тема;Дизайн-макет главной в Figma;индивидуальный вид на основе темы;опция;референсы, бренд;макет главной и карточки;DS;проект;8;0;2;D05;увеличивает срок на 1 неделю
C01;3 Каталог;Структура категорий;до 20 категорий базово;всегда;ассортимент;дерево категорий;NC;10 категорий;1;0.3;1;D06;
C02;3 Каталог;Создание категорий и описаний разделов;;всегда;C01;категории в админке;NC;10 категорий;0.25;0.25;1;C01;
C03;3 Каталог;Свойства, параметры, фильтры;до 10 свойств базово;всегда;характеристики товаров;фильтры работают;NC;5 свойств;1;0.5;2;C01;характеристики в разном виде у разных товаров
C04;3 Каталог;Модификации товаров;размеры, цвета, объёмы;если есть варианты;таблица вариантов;варианты с отдельными остатками;NC;проект;1;0;2;C03;
C05;3 Каталог;Импорт из таблицы клиента;CSV/XLSX, маппинг колонок, очистка;если товары в таблице;таблица товаров;товары в магазине;NC;100 SKU;2;0.5;2;C03;грязные данные, нет единых артикулов
C06;3 Каталог;Импорт из Wildberries/Ozon;встроенный перенос InSales;если товары на МП;доступ к кабинету МП;карточки с фото и характеристиками;NC;100 SKU;1.5;0.4;2;C03;характеристики МП не совпадают со свойствами сайта
C07;3 Каталог;Импорт из YML или старого сайта;;если есть старый сайт;YML-фид или выгрузка;товары в магазине;NC;100 SKU;2;0.5;2;C03;
C08;3 Каталог;Ручное заведение товаров;данные готовы;если товаров мало или нет файла;фото, цены, описания;товар на сайте;CO;SKU;0;0.15;1;C03;
C09;3 Каталог;Обработка фото;обрезка, сжатие, единый фон;опция;исходные фото;фото единого формата;CO;10 фото;0;0.4;1;;плохие исходники
C10;3 Каталог;Тексты описаний товаров;шаблон + ИИ + редактура;опция;характеристики;уникальные описания;CO;SKU;0;0.15;1;C03;
C11;3 Каталог;Проверка каталога после импорта;выборочная, 10%;всегда при импорте;C05/C06/C07;отчёт об ошибках и исправления;NC;100 SKU;0.5;0.25;1;;
C12;3 Каталог;Подборки и бейджи;новинки, хиты, акции;всегда;;подборки на главной;NC;проект;1;0;1;C02;
C13;3 Каталог;Таблица размеров;;если одежда и обувь;размерная сетка;таблица в карточке;NC;проект;1;0;1;T05;
L01;4 Страницы;Сервисные страницы;о компании, контакты, доставка и оплата, возврат;всегда;тексты или наш шаблон;4 страницы;NC;проект;2;0;1;T02;
L02;4 Страницы;Юридический пакет по шаблону;политика ПДн, согласие, оферта, cookie-баннер, реквизиты;всегда;реквизиты;документы на сайте;NC;проект;2;0;2;P03;не юридическая консультация: проверку юристом заказывает клиент
L03;4 Страницы;Согласия в формах;отдельные чекбоксы ПДн и рассылки;всегда;L02;формы по 152-ФЗ и 38-ФЗ;NC;проект;0.5;0;1;L02;
L04;4 Страницы;Дополнительная страница;оптовикам, акции, бренд;по числу страниц;тексты, фото;страница;NC;шт;0;0.75;1;T02;
L05;4 Страницы;Раздел блога;;опция;3 первых материала;блог в меню;NC;проект;1;0;1;T02;
PAY1;5 Оплата;Онлайн-оплата;1 провайдер, тестовый платёж;всегда;договор клиента с банком;оплата картой и СБП;NC;проект;1.5;0;2;P03;модерация банка 3–10 дней — главный риск срока
PAY2;5 Оплата;Онлайн-касса 54-ФЗ;облачная касса;если онлайн-оплата;договор с кассой/ОФД;чек уходит покупателю;NC;проект;1.5;0;2;PAY1;ошибки ставок НДС
PAY3;5 Оплата;Дополнительный способ оплаты;при получении, счёт для юрлиц, рассрочка;по числу способов;;способ в чекауте;NC;шт;0;0.5;1;PAY1;
DL1;6 Доставка;Свои способы доставки;самовывоз, курьер, зоны;всегда;условия;способы в чекауте;NC;проект;1;0;1;P03;
DL2;6 Доставка;Служба доставки с расчётом;СДЭК / Почта / Яндекс / Boxberry;по числу служб;договор клиента;расчёт цены и ПВЗ в чекауте;NC;шт;0.5;1.25;2;DL1;нет договора со службой
DL3;6 Доставка;Агрегатор доставки;ApiShip и аналоги;опция;договор с агрегатором;несколько служб через один кабинет;NC;проект;2;0;2;DL1;
DL4;6 Доставка;Вес и габариты товаров;массово;если служба считает по весу;таблица весов;корректный расчёт;NC;100 SKU;0.5;0.2;1;DL2;веса неизвестны
A01;7 Аналитика;Яндекс Метрика и цели;вебвизор, корзина, заказ, формы;всегда;доступ к Яндекс ID клиента;счётчик и цели;AN;проект;1.5;0;1;P04;
A02;7 Аналитика;Электронная коммерция в Метрике;проверка передачи товаров и выручки;всегда;A01;данные о продажах в Метрике;AN;проект;1.5;0;2;A01;
A03;7 Аналитика;Яндекс Вебмастер, sitemap, robots;;всегда;P04;сайт отправлен на индексацию;AN;проект;1;0;1;P04;
A04;7 Аналитика;Базовое SEO;шаблоны мета-тегов, ЧПУ, H1, alt;всегда;C02;технически чистые страницы;AN;проект;2;0;1;C02;
A05;7 Аналитика;SEO-структура по семантике;сбор ядра, посадочные под запросы;опция;ниша;кластеры и посадочные;AN;проект;10;0;2;A04;
A06;7 Аналитика;Пиксели рекламы;VK Ads, Яндекс Директ цели;опция;кабинеты;события для рекламы;AN;шт;0;0.75;1;A01;
A07;7 Аналитика;Дашборд канала;заказы, выручка, источники;опция;A02;отчёт в Метрике/DataLens;AN;проект;3;0;2;A02;
I101;8 Интеграции;1С: аудит конфигурации и формата обмена;УТ, УНФ, Бухгалтерия, CommerceML;если 1С;доступ к 1С, специалист 1С клиента;решение по схеме обмена;DEV;проект;1.5;0;2;;старая или доработанная конфигурация
I102;8 Интеграции;1С: выгрузка товаров;;если 1С;I101;товары из 1С в магазине;DEV;проект;3;0;3;I101;разные артикулы в 1С и на сайте
I103;8 Интеграции;1С: остатки и цены;типы цен, склады;если 1С;I102;остатки и цены по расписанию;DEV;проект;2;0;2;I102;
I104;8 Интеграции;1С: заказы в 1С;статусы обратно на сайт;если 1С;I102;заказы попадают в 1С;DEV;проект;2;0;3;I102;
I105;8 Интеграции;1С: контрагенты;;опция;I104;покупатели в 1С;DEV;проект;1;0;2;I104;
I106;8 Интеграции;1С: сквозной тест и исправления;;если 1С;I102–I104;протокол теста;DEV;проект;3;0;3;I104;работа зависит от специалиста 1С клиента
IMS1;8 Интеграции;МойСклад: подключение и сопоставление товаров;;если МойСклад;доступ к МойСклад;товары связаны;NC;100 SKU;1.5;0.2;2;C03;дубли и разные артикулы
IMS2;8 Интеграции;МойСклад: остатки и цены по складам;;если МойСклад;IMS1;остатки синхронизируются;NC;проект;1;0;1;IMS1;
IMS3;8 Интеграции;МойСклад: заказы и статусы;;если МойСклад;IMS1;заказы в МойСклад;NC;проект;1.5;0;2;IMS1;
IMS4;8 Интеграции;МойСклад: тест;;если МойСклад;IMS2,IMS3;протокол теста;NC;проект;1;0;1;IMS3;
IMP1;8 Интеграции;Маркетплейс: подключение кабинета к InSales;первая площадка;если нужны общие остатки с МП;тариф с каналами МП, API-ключ;кабинет подключён;NC;проект;1;0;2;P02;доступно не на всех тарифах — проверять
IMP2;8 Интеграции;Маркетплейс: сопоставление товаров;;если IMP1;IMP1;товары связаны с карточками МП;NC;100 SKU;1;0.3;2;IMP1;
IMP3;8 Интеграции;Маркетплейс: остатки, цены, заказы;правила синхронизации;если IMP1;IMP2;общие остатки, заказы МП в админке;NC;проект;2;0;2;IMP2;двойные продажи при ошибке правил
IMP4;8 Интеграции;Следующая площадка;;по числу площадок;IMP3;ещё одна площадка;NC;шт;0;3;2;IMP3;
ICR1;8 Интеграции;CRM: заказы и контакты;RetailCRM / amoCRM / Битрикс24;опция;доступ к CRM;заказы и клиенты в CRM;DEV;проект;3;0;2;P03;
ICR2;8 Интеграции;CRM: статусы и воронка;;опция;ICR1;статусы синхронны;DEV;проект;2;0;2;ICR1;
ICR3;8 Интеграции;CRM: тест;;опция;ICR2;протокол;DEV;проект;1;0;1;ICR2;
ITL1;8 Интеграции;Чат и мессенджеры на сайте;виджет, кнопки Telegram/WhatsApp/MAX;опция;;виджет на сайте;NC;проект;0.5;0;1;;
ITL2;8 Интеграции;Телефония;виртуальная АТС, обратный звонок;опция;договор с оператором;звонки фиксируются;NC;проект;2;0;2;;
IEM1;8 Интеграции;Email-рассылки и брошенная корзина;сервис + 3 триггерных письма;опция;сервис рассылок;письма уходят автоматически;NC;проект;4;0;2;L03;нет согласий на рассылку
ILO1;8 Интеграции;Отзывы, бонусы, лояльность;приложение InSales;опция;правила программы;программа работает;NC;проект;2;0;2;;
M01;9 Переезд;Выгрузка данных со старого сайта;товары, клиенты, заказы;если переезд;доступ к старому сайту;файлы данных;DEV;проект;3;0;2;;нет экспорта на старой платформе
M02;9 Переезд;Карта URL и 301-редиректы;;если переезд и есть трафик из поиска;список URL;редиректы настроены;AN;100 URL;1.5;0.5;2;M01;потеря позиций при ошибках
M03;9 Переезд;Перенос клиентов и истории заказов;;опция;M01;база клиентов в InSales;NC;проект;2;0;2;M01;ПДн — только с согласиями
M04;9 Переезд;Контроль индексации 4 недели;;если M02;M02;отчёт о позициях до/после;AN;проект;2;0;1;M02;
Q01;10 Запуск;Тестовые заказы по чек-листу;3 заказа: телефон, компьютер, оплата и доставка;всегда;все модули;протокол теста;NC;проект;2;0;1;PAY1,DL1;
Q02;10 Запуск;Исправления по тесту;;всегда;Q01;ошибки закрыты;NC;проект;1.5;0;2;Q01;
Q03;10 Запуск;Открытие магазина;снятие закрытия, индексация;всегда;Q02;магазин открыт;NC;проект;0.5;0;1;Q02;
Q04;10 Запуск;Обучение ответственного;созвон + видеоинструкции;всегда;;сотрудник оформляет заказ и добавляет товар сам;NC;проект;2;0;1;Q02;нет ответственного у клиента
Q05;10 Запуск;Передача;доступы, инструкция, список следующих задач;всегда;Q04;акт и паспорт магазина;PR;проект;1;0;1;Q04;
Q06;10 Запуск;Сопровождение первых 2 недель;мелкие правки в льготный период;всегда;Q03;разбор первых заказов;NC;проект;2;0;1;Q03;
